-- phpMyAdmin SQL Dump
-- version 3.4.5
-- http://www.phpmyadmin.net
--
-- Host: localhost
-- Generato il: Nov 11, 2011 alle 20:36
-- Versione del server: 5.5.8
-- Versione PHP: 5.3.5

SET SQL_MODE="NO_AUTO_VALUE_ON_ZERO";
SET time_zone = "+00:00";


/*!40101 SET @OLD_CHARACTER_SET_CLIENT=@@CHARACTER_SET_CLIENT */;
/*!40101 SET @OLD_CHARACTER_SET_RESULTS=@@CHARACTER_SET_RESULTS */;
/*!40101 SET @OLD_COLLATION_CONNECTION=@@COLLATION_CONNECTION */;
/*!40101 SET NAMES utf8 */;

--
-- Database: `fantamanajer`
--

-- --------------------------------------------------------

--
-- Struttura della tabella `articolo`
--

CREATE TABLE IF NOT EXISTS `articolo` (
  `id` int(11) NOT NULL AUTO_INCREMENT,
  `title` varchar(30) COLLATE utf8_unicode_ci NOT NULL,
  `abstract` varchar(75) COLLATE utf8_unicode_ci DEFAULT NULL,
  `text` text COLLATE utf8_unicode_ci NOT NULL,
  `insertDate` timestamp NOT NULL DEFAULT CURRENT_TIMESTAMP,
  `idUtente` int(11) NOT NULL,
  `idGiornata` int(11) NOT NULL,
  `idLega` int(11) NOT NULL,
  PRIMARY KEY (`id`),
  KEY `idSquadra` (`idUtente`),
  KEY `idGiornata` (`idGiornata`),
  KEY `idLega` (`idLega`)
) ENGINE=InnoDB  DEFAULT CHARSET=utf8 COLLATE=utf8_unicode_ci AUTO_INCREMENT=58 ;

--
-- Dump dei dati per la tabella `articolo`
--

INSERT INTO `articolo` (`id`, `title`, `abstract`, `text`, `insertDate`, `idUtente`, `idGiornata`, `idLega`) VALUES
(1, 'Via Ziegler', NULL, 'Esseendo andato via Ziegler devo forzatamente cambiare giocatore:\r\nPrendo Kjaer', '2011-09-04 07:27:06', 3, 7, 1),
(3, '0', NULL, 'ma nn si dovevano fare oggi o domani??', '2011-09-04 10:25:20', 7, 1, 1),
(4, 'ok', 'ok', 'ok..aspetterò a scegliere', '2011-09-04 11:05:11', 3, 8, 1),
(8, 'pippo2', 'Risultati', 'Ma i risultati delle buste verranno pbblicati su codesto sito? Verrà inviata una e-mail? ', '2011-09-07 08:41:24', 3, 8, 1),
(9, 'risultati buste', NULL, '- Floccari: Giò 55 pti\r\n- Caracciolo: Giò 21 pti\r\n- Pjanic: Giò 22 pti\r\n- Loria: Giò 2 pti\r\n- Forlan: Ghilo 13 pti\r\n- Kjaer: Riki 15 pti\r\n- Elia: Riki 15 pti\r\n- Osvaldo: fiste 7,5 pti\r\n\r\nscrivete ki volete "scaricare"...', '2011-09-07 12:56:17', 1, 2, 1),
(10, 'Risposta', NULL, 'Lascio liberi Ziegler e Veloso', '2011-09-07 14:41:39', 3, 2, 1),
(11, 'Zanetti', NULL, 'nn capisco perchè zanetti mi dice ke nn è piu in lista... io lo metto nella formazione', '2011-09-08 19:13:50', 6, 2, 1),
(12, 'kjaer e elia', NULL, 'io metto ziegler e veloso in formazione così quando li cambierete( sempre che succeda )prenderanno il loro posto kjaer e elia', '2011-09-08 19:38:29', 3, 2, 1),
(13, 'SCARICATI', NULL, 'Floccari ---Amauri\r\nCaracciolo --- Gimenez\r\nPjanic --- Biagianti\r\nLoria --- Britos\r\n\r\nSegnalo problemi con la lista giocatori\r\nAsamoah\r\nJosè Angel', '2011-09-09 11:08:35', 5, 2, 1),
(14, 'risolti problemi', NULL, 'dei vari giocatori che diceva nn essere più in lista...\r\nil fiste deve comunicare chi vuole scaricare acquistando osvaldo', '2011-09-09 17:30:26', 1, 2, 1),
(15, 'Osvaldo', NULL, 'mollo jeda', '2011-09-09 18:06:26', 2, 2, 1),
(16, 'Me ne pentirò.....', NULL, 'Ma scarico il p,lurisfottuto floro flores x forlan', '2011-09-12 16:00:33', 7, 3, 1),
(17, 'Formazione', 'non mi va quella del menù', '3-4-3\r\n\r\nAgazzi\r\n------------\r\nComotto (VVC)\r\nDias (C)\r\nDanilo  (VC)\r\n-------------\r\nArmero\r\nCerci\r\nDiamanti\r\nAlvarez\r\n-------------\r\nForlan\r\nCissé\r\nMutu\r\n\r\nRisereve:\r\nStekelenburg\r\n-------------------\r\nSamuel\r\nDe Silvestri\r\n-------------------\r\nSeedorf\r\nKucka\r\n------------------\r\nLavezzi\r\nPellisier\r\n', '2011-09-17 09:16:34', 7, 3, 1),
(18, 'Riki', NULL, 'avevi selezionato Forlan, ma l''aveva preso già il Ghilo con l''asta...', '2011-09-17 11:01:17', 1, 3, 1),
(19, 'lo so', NULL, 'Lo so.L''avevo selezionato prima di sapere i risultati delle buste.Ti sei accorto oggi?', '2011-09-17 12:17:20', 3, 3, 1),
(20, 'inserimento formazione', NULL, 'ora dovrebbe funzionare anche per te ghilo', '2011-09-17 12:26:08', 2, 3, 1),
(21, 'Forlan', NULL, 'Sì perchè il trasferimento era partito oggi... (k)', '2011-09-17 12:58:22', 1, 3, 1),
(22, 'Formazione', '.........', 'non funziona ancora e cmq quella che è uscita in classifica è uguale a quella di settimana scorsa nn quella che ho scritto', '2011-09-19 19:11:35', 7, 4, 1),
(23, 'Ghilo', NULL, 'x la formazione della scorsa giornata provvediamo a inserire quella giusta e ricalcolare...\r\nx la giornata corrente postala ancora come conferenza se non riesci ad inserirla', '2011-09-20 10:56:31', 1, 4, 1),
(24, 'formazione ghilo', NULL, 'che browser stai usando?', '2011-09-20 16:31:41', 2, 4, 1),
(25, 'Fiste', NULL, 'riesci a far partire i trasf perfavore quando hai tempo?', '2011-09-24 09:42:22', 5, 5, 1),
(26, 'updates', NULL, '- inserita e calcolata formazione giusta ghilo della giornata 3\r\n- gio x i trasf abbiamo dei problems...inserisci il giocatore come sempre il giocatore che andrà via...ciao', '2011-09-24 11:22:31', 1, 5, 1),
(28, 'proviamo a farne una nuova', NULL, 'sss', '2011-10-12 14:32:43', 3, 7, 1),
(29, 'altra nuova', NULL, 'sdfsafd', '2011-10-12 12:55:57', 3, 7, 1),
(30, 'altra nuova', NULL, 'sdfsafd', '2011-10-12 12:56:23', 3, 7, 1),
(31, 'altra nuova', NULL, 'sdfsafd', '2011-10-12 12:57:03', 3, 7, 1),
(32, 'altra nuova', NULL, 'sdfsafd', '2011-10-12 12:58:53', 3, 7, 1),
(34, 'nuova', NULL, 'aaa', '2011-10-12 16:30:55', 3, 7, 1),
(35, 'nuova', NULL, 'aaa', '0000-00-00 00:00:00', 3, 7, 1),
(36, 'nuova', NULL, 'aaa', '2011-10-12 16:49:55', 3, 7, 1),
(37, 'nuova nuova', NULL, 'aaa', '2011-10-12 16:53:28', 3, 7, 1),
(38, 'nuova', NULL, 'ciao ciao', '2011-09-04 08:11:43', 3, 7, 1),
(39, 'ciao cio', NULL, 'aaa', '2011-09-04 08:11:43', 3, 7, 1),
(40, 'ciao cio', NULL, 'aaa', '2011-09-04 08:11:43', 3, 7, 1),
(41, 'ok', 'ok', 'ok..aspetterò a scegliere', '2011-10-17 17:16:11', 3, 8, 1),
(42, 'ok', 'ok', 'ok..aspetterò a scegliere', '2011-10-17 17:49:27', 3, 8, 1),
(43, 'ok', 'ok', 'ok..aspetterò a scegliere', '2011-10-17 18:05:49', 3, 8, 1),
(44, 'ciao', 'nuova', 'nuova', '2011-10-17 18:20:44', 3, 8, 1),
(45, 'nuova', NULL, 'nuova\r\n', '2011-10-17 18:24:22', 3, 8, 1),
(46, 'nuova', NULL, 'nuova', '2011-10-17 18:25:44', 3, 8, 1),
(47, 'nuova', NULL, 'nuova', '2011-10-17 18:26:55', 3, 8, 1),
(48, 'ciao ciao ciao', NULL, 'ciao', '2011-10-17 18:27:27', 3, 8, 1),
(49, 'ccc', NULL, 'cccc', '2011-09-04 08:11:43', 3, 8, 1),
(51, 'asdas', NULL, 'asdas', '2011-09-04 08:11:43', 3, 8, 1),
(52, 'ciao', 'ciao ', 'ciao', '2011-09-04 08:11:43', 3, 8, 1),
(53, 'sajdkasl', 'sdfnas', 'asdfas', '2011-09-04 08:11:43', 3, 8, 1),
(54, 'ciao ciao ciao', NULL, 'ciao', '2011-10-17 18:59:12', 3, 8, 1),
(55, 'ciao ciao', NULL, 'finalmente', '2011-10-17 19:00:40', 3, 8, 1),
(56, 'pippo', NULL, 'pippo', '2011-10-17 19:10:34', 3, 8, 1),
(57, 'dfgdjfs', 'sdfgsdjk', 'dsfgds', '2011-10-17 19:18:04', 3, 8, 1);

-- --------------------------------------------------------

--
-- Struttura della tabella `calendario`
--

CREATE TABLE IF NOT EXISTS `calendario` (
  `id` int(10) unsigned NOT NULL AUTO_INCREMENT,
  `idLega` int(11) NOT NULL,
  `idGiornata` int(11) NOT NULL,
  `idHome` int(11) NOT NULL,
  `idAway` int(11) NOT NULL,
  PRIMARY KEY (`id`)
) ENGINE=InnoDB DEFAULT CHARSET=utf8 COLLATE=utf8_unicode_ci AUTO_INCREMENT=1 ;

-- --------------------------------------------------------

--
-- Struttura della tabella `club`
--

CREATE TABLE IF NOT EXISTS `club` (
  `id` int(11) NOT NULL AUTO_INCREMENT,
  `nome` varchar(15) COLLATE utf8_unicode_ci NOT NULL,
  `partitivo` varchar(10) COLLATE utf8_unicode_ci NOT NULL DEFAULT 'del',
  `determinativo` varchar(3) COLLATE utf8_unicode_ci NOT NULL DEFAULT 'il',
  PRIMARY KEY (`id`)
) ENGINE=InnoDB  DEFAULT CHARSET=utf8 COLLATE=utf8_unicode_ci AUTO_INCREMENT=21 ;

--
-- Dump dei dati per la tabella `club`
--

INSERT INTO `club` (`id`, `nome`, `partitivo`, `determinativo`) VALUES
(1, 'Atalanta', 'dell''', 'l'''),
(2, 'Bologna', 'del', 'il'),
(3, 'Cagliari', 'del', 'il'),
(5, 'Cesena', 'del', 'il'),
(6, 'Chievo', 'del', 'il'),
(7, 'Fiorentina', 'della', 'la'),
(8, 'Genoa', 'del', 'il'),
(9, 'Inter', 'dell''', 'l'''),
(10, 'Juventus', 'della', 'la'),
(11, 'Lazio', 'della', 'la'),
(12, 'Lecce', 'del', 'il'),
(13, 'Milan', 'del', 'il'),
(14, 'Napoli', 'del', 'il'),
(15, 'Novara', 'del', 'il'),
(16, 'Palermo', 'del', 'il'),
(17, 'Parma', 'del', 'il'),
(18, 'Roma', 'della', 'la'),
(19, 'Siena', 'del', 'il'),
(20, 'Udinese', 'dell''', 'l''');

-- --------------------------------------------------------

--
-- Struttura della tabella `evento`
--

CREATE TABLE IF NOT EXISTS `evento` (
  `id` int(11) unsigned NOT NULL AUTO_INCREMENT,
  `idUtente` int(11) DEFAULT NULL,
  `idLega` int(11) DEFAULT NULL,
  `data` timestamp NOT NULL DEFAULT CURRENT_TIMESTAMP,
  `tipo` tinyint(4) NOT NULL,
  `idExternal` int(11) DEFAULT NULL,
  PRIMARY KEY (`id`),
  KEY `idExternal` (`idExternal`),
  KEY `idUtente` (`idUtente`),
  KEY `idLega` (`idLega`)
) ENGINE=InnoDB  DEFAULT CHARSET=utf8 COLLATE=utf8_unicode_ci AUTO_INCREMENT=7 ;

--
-- Dump dei dati per la tabella `evento`
--

INSERT INTO `evento` (`id`, `idUtente`, `idLega`, `data`, `tipo`, `idExternal`) VALUES
(4, 3, 1, '2011-10-12 21:01:30', 1, 40),
(5, 3, 1, '2011-09-07 08:41:24', 1, 1),
(6, 3, 1, '2011-09-07 08:41:24', 1, 1);

-- --------------------------------------------------------

--
-- Struttura della tabella `formazione`
--

CREATE TABLE IF NOT EXISTS `formazione` (
  `id` int(11) NOT NULL AUTO_INCREMENT,
  `idGiornata` int(11) NOT NULL,
  `idUtente` int(11) NOT NULL,
  `modulo` varchar(7) COLLATE utf8_unicode_ci NOT NULL,
  `idCapitano` int(11) DEFAULT NULL,
  `idVCapitano` int(11) DEFAULT NULL,
  `idVVCapitano` int(11) DEFAULT NULL,
  `jolly` tinyint(1) DEFAULT NULL,
  PRIMARY KEY (`id`),
  KEY `C` (`idCapitano`),
  KEY `VC` (`idVCapitano`),
  KEY `VVC` (`idVVCapitano`),
  KEY `idGiornata` (`idGiornata`),
  KEY `idUtente` (`idUtente`)
) ENGINE=InnoDB  DEFAULT CHARSET=utf8 COLLATE=utf8_unicode_ci AUTO_INCREMENT=57 ;

--
-- Dump dei dati per la tabella `formazione`
--

INSERT INTO `formazione` (`id`, `idGiornata`, `idUtente`, `modulo`, `idCapitano`, `idVCapitano`, `idVVCapitano`, `jolly`) VALUES
(1, 1, 1, '1-3-4-3', 364, 301, 353, NULL),
(2, 1, 5, '1-3-4-3', 338, 227, 226, NULL),
(3, 1, 4, '1-3-4-3', 292, 323, 294, NULL),
(4, 1, 2, '1-3-4-3', 208, 249, 214, NULL),
(5, 1, 3, '1-3-4-3', 224, 231, 216, NULL),
(6, 1, 7, '1-3-4-3', 290, 265, 346, NULL),
(7, 2, 1, '1-3-4-3', 364, 217, 301, NULL),
(8, 2, 4, '1-3-4-3', 323, 245, 294, NULL),
(9, 2, 3, '1-3-4-3', 366, 231, 216, NULL),
(10, 2, 8, '1-3-4-3', 358, 297, 293, NULL),
(11, 2, 6, '1-3-4-3', 236, 201, 135, NULL),
(12, 2, 5, '1-3-4-3', 338, 227, 226, NULL),
(13, 2, 2, '1-3-4-3', 208, 249, 214, NULL),
(14, 3, 5, '1-3-4-3', 338, 374, 226, NULL),
(15, 2, 7, '1-3-4-3', 290, 265, 346, NULL),
(23, 3, 1, '1-3-4-3', 364, 217, 301, NULL),
(24, 3, 3, '1-3-4-3', 224, 231, 216, NULL),
(25, 3, 4, '1-3-4-3', 323, 245, 294, NULL),
(26, 3, 7, '1-3-4-3', 265, 258, 253, NULL),
(27, 3, 6, '1-3-4-3', 351, 236, 135, NULL),
(28, 3, 2, '1-3-4-3', 249, 223, 214, NULL),
(29, 3, 8, '1-4-3-3', 358, 297, 233, NULL),
(30, 4, 4, '1-3-4-3', 323, 245, 294, NULL),
(31, 4, 3, '1-3-4-3', 379, 231, 216, NULL),
(32, 3, 10, '', NULL, NULL, NULL, NULL),
(33, 3, 11, '', NULL, NULL, NULL, NULL),
(34, 3, 12, '', NULL, NULL, NULL, NULL),
(35, 3, 14, '', NULL, NULL, NULL, NULL),
(36, 3, 15, '', NULL, NULL, NULL, NULL),
(37, 3, 16, '', NULL, NULL, NULL, NULL),
(38, 4, 5, '1-3-4-3', 227, 338, 291, NULL),
(39, 4, 8, '1-3-4-3', 297, 358, 233, NULL),
(40, 4, 1, '1-3-4-3', 301, 217, 235, NULL),
(41, 4, 2, '1-3-4-3', 249, 223, 214, NULL),
(42, 4, 6, '1-3-4-3', 351, 236, 135, NULL),
(43, 5, 5, '1-3-4-3', 227, 291, 203, NULL),
(44, 5, 4, '1-3-4-3', 306, 245, 294, NULL),
(45, 5, 3, '1-3-4-3', 379, 326, 216, NULL),
(46, 5, 8, '1-4-4-2', 358, 293, 297, NULL),
(47, 4, 7, '1-3-4-3', NULL, NULL, NULL, NULL),
(48, 4, 10, '', NULL, NULL, NULL, NULL),
(49, 4, 11, '', NULL, NULL, NULL, NULL),
(50, 4, 12, '', NULL, NULL, NULL, NULL),
(51, 4, 14, '', NULL, NULL, NULL, NULL),
(52, 4, 15, '', NULL, NULL, NULL, NULL),
(53, 4, 16, '', NULL, NULL, NULL, NULL),
(54, 5, 1, '1-3-4-3', 217, 364, 235, NULL),
(55, 5, 6, '1-3-4-3', 236, 351, 145, NULL),
(56, 6, 2, '1-4-3-3', 214, 223, 257, NULL);

-- --------------------------------------------------------

--
-- Struttura della tabella `giocatore`
--

CREATE TABLE IF NOT EXISTS `giocatore` (
  `id` int(11) NOT NULL,
  `nome` varchar(30) COLLATE utf8_unicode_ci DEFAULT NULL,
  `cognome` varchar(30) COLLATE utf8_unicode_ci NOT NULL,
  `ruolo` char(1) COLLATE utf8_unicode_ci NOT NULL,
  `idClub` int(11) DEFAULT NULL,
  `status` tinyint(1) NOT NULL,
  PRIMARY KEY (`id`),
  KEY `club` (`idClub`)
) ENGINE=InnoDB DEFAULT CHARSET=utf8 COLLATE=utf8_unicode_ci;

--
-- Dump dei dati per la tabella `giocatore`
--

INSERT INTO `giocatore` (`id`, `nome`, `cognome`, `ruolo`, `idClub`, `status`) VALUES
(101, 'Christian', 'Abbiati', 'P', 13, 1),
(102, 'Micheal', 'Agazzi', 'P', 3, 1),
(103, 'Federico', 'Agliardi', 'P', 2, 1),
(104, 'Marco', 'Amelia', 'P', 13, 1),
(105, 'Mariano Gonzalo', 'Andujar', 'P', NULL, 1),
(106, 'Francesco', 'Antonioli', 'P', 5, 1),
(107, 'Vlada', 'Avramov', 'P', 3, 1),
(108, 'Emanuele', 'Belardi', 'P', 20, 1),
(109, 'Massimiliano', 'Benassi', 'P', 12, 1),
(110, 'Francesco', 'Benussi', 'P', 16, 1),
(111, 'Benjamin', 'Bizzarri', 'P', 11, 1),
(112, 'Artur', 'Boruc', 'P', 7, 1),
(113, 'Zeljko', 'Brkic', 'P', 19, 1),
(114, 'Gianluigi', 'Buffon', 'P', 10, 1),
(115, 'Andrea', 'Campagnolo', 'P', NULL, 1),
(116, 'Luca', 'Castellazzi', 'P', 9, 1),
(117, 'Roberto', 'Colombo', 'P', 14, 1),
(118, 'Andrea', 'Consigli', 'P', 1, 1),
(119, 'Achille', 'Coser', 'P', 15, 1),
(120, 'Gianluca', 'Curci', 'P', 18, 1),
(121, 'Morgan', 'De Sanctis', 'P', 14, 1),
(122, 'Simone', 'Farelli', 'P', 19, 1),
(123, 'Alberto', 'Fontana', 'P', 15, 1),
(124, 'Sebastian', 'Frey', 'P', 8, 1),
(125, 'Giorgio', 'Frezzolini', 'P', 1, 1),
(126, 'Jean Francois', 'Gillet', 'P', 2, 1),
(127, 'Samir', 'Handanovic', 'P', 20, 1),
(128, 'Soares De Espinola', 'Julio Cesar', 'P', 9, 1),
(129, 'Bertagnolli', 'Julio Sergio', 'P', 12, 1),
(130, 'Tomas', 'Kosicky', 'P', NULL, 1),
(131, 'Bogdan', 'Lobont', 'P', 18, 1),
(132, 'Cristiano', 'Lupatelli', 'P', 8, 1),
(133, 'Alexander', 'Manninger', 'P', 10, 1),
(134, 'Federico', 'Marchetti', 'P', 11, 1),
(135, 'Antonio', 'Mirante', 'P', 17, 1),
(136, NULL, 'Neto', 'P', 7, 1),
(137, 'Paolo', 'Orlandoni', 'P', 9, 1),
(138, 'Nicola', 'Pavarini', 'P', 17, 1),
(139, 'Gianluca', 'Pegolo', 'P', 19, 1),
(140, 'Davide', 'Petrachi', 'P', 12, 1),
(141, 'Antonio', 'Rosati', 'P', 14, 1),
(142, 'Alessio', 'Scarpi', 'P', 8, 1),
(143, 'Aldo', 'Simoncini', 'P', 5, 1),
(144, 'Salvatore', 'Sirigu', 'P', 16, 0),
(145, 'Stefano', 'Sorrentino', 'P', 6, 1),
(146, 'Lorenzo', 'Squizzi', 'P', 6, 1),
(147, 'Maarten', 'Stekelenburg', 'P', 18, 1),
(148, 'Marco', 'Storari', 'P', 10, 1),
(149, 'Samir', 'Ujkani', 'P', 15, 1),
(150, 'Mauro', 'Vigorito', 'P', 3, 1),
(151, 'Emiliano', 'Viviano', 'P', 8, 1),
(152, 'Nicola', 'Ravaglia', 'P', 5, 1),
(153, 'Jacopo', 'Coletta', 'P', 6, 1),
(154, 'Marcos', 'Miranda', 'P', 7, 0),
(155, 'Alessandro', 'Berardi', 'P', 11, 1),
(156, 'Flavio', 'Roma', 'P', 13, 1),
(157, NULL, 'Rubinho', 'P', 16, 1),
(158, 'Alberto', 'Gallinetta', 'P', 17, 1),
(159, 'Jan', 'Koprivec', 'P', 20, 0),
(160, 'Christian', 'Puggioni', 'P', 6, 1),
(161, 'Alexandros', 'Tzorvas', 'P', 16, 1),
(162, 'Daniele', 'Padelli', 'P', 20, 1),
(163, 'Edoardo', 'Pazzagli', 'P', 7, 1),
(201, 'Ignazio', 'Abate', 'D', 13, 1),
(202, 'Francesco', 'Acerbi', 'D', 6, 1),
(203, 'Alessandro', 'Agostini', 'D', 3, 1),
(204, 'Pablo Sebastian', 'Alvarez', 'D', NULL, 1),
(205, 'Sinisa', 'Andelkovic', 'D', 16, 0),
(206, 'Marco', 'Andreolli', 'D', 6, 1),
(207, 'Gabriele', 'Angella', 'D', 19, 1),
(208, 'Mariano De Almeida', 'Angelo', 'D', 19, 1),
(209, 'Luca', 'Antonelli', 'D', 8, 1),
(210, 'Luca', 'Antonini', 'D', 13, 1),
(211, 'Mikael', 'Antonsson', 'D', 2, 1),
(212, 'Lorenzo', 'Ariaudo', 'D', 3, 1),
(213, 'Salvatore', 'Aronica', 'D', 14, 1),
(214, 'Davide', 'Astori', 'D', 3, 1),
(215, 'Blazej', 'Augustyn', 'D', NULL, 0),
(216, 'Federico', 'Balzaretti', 'D', 16, 1),
(217, 'Andrea', 'Barzagli', 'D', 10, 1),
(218, 'Dusan', 'Basta', 'D', 20, 1),
(219, 'Gianpaolo', 'Bellini', 'D', 1, 1),
(220, 'Giuseppe', 'Bellusci', 'D', NULL, 1),
(221, 'Nicola', 'Belmonte', 'D', 19, 1),
(222, 'Yohan', 'Benalouane', 'D', 5, 1),
(223, 'Mehdi', 'Benatia', 'D', 20, 1),
(224, 'Giuseppe', 'Biava', 'D', 11, 1),
(225, 'Daniele', 'Bonera', 'D', 13, 1),
(226, 'Leonardo', 'Bonucci', 'D', 10, 1),
(227, 'Cesare', 'Bovo', 'D', 8, 1),
(228, 'Goncalo Jardim', 'Brandao', 'D', 17, 1),
(229, 'Miguel Angel', 'Britos', 'D', 14, 1),
(230, 'Davide', 'Brivio', 'D', 12, 1),
(231, 'Nicolas Andres', 'Burdisso', 'D', 18, 1),
(232, 'Luca', 'Caldirola', 'D', 9, 1),
(233, 'Hugo', 'Campagnaro', 'D', 14, 1),
(234, 'Michele', 'Camporese', 'D', 7, 1),
(235, 'Michele', 'Canini', 'D', 3, 1),
(236, 'Paolo', 'Cannavaro', 'D', 14, 1),
(237, 'Daniele', 'Capelli', 'D', 1, 1),
(238, 'Ciro', 'Capuano', 'D', NULL, 1),
(239, 'Moris', 'Carrozzieri', 'D', 12, 1),
(240, 'Mattia', 'Cassani', 'D', 7, 1),
(241, 'Marco', 'Cassetti', 'D', 18, 1),
(242, 'Luis Pedro', 'Cavanda', 'D', 11, 1),
(243, 'Luca', 'Ceccarelli', 'D', 5, 1),
(244, 'Matteo', 'Centurioni', 'D', 15, 1),
(245, 'Bostjan', 'Cesar', 'D', 6, 1),
(246, 'Mauro Dario Jesus', 'Cetto', 'D', 16, 1),
(247, 'Nicolo', 'Cherubin', 'D', 2, 1),
(248, 'Jose Manuel', 'Chico', 'D', 8, 0),
(249, 'Giorgio', 'Chiellini', 'D', 10, 1),
(250, 'Cristian', 'Chivu', 'D', 9, 1),
(251, 'Joao De Cezare', 'Cicinho', 'D', 18, 1),
(252, 'Andrea', 'Coda', 'D', 20, 1),
(253, 'Gianluca', 'Comotto', 'D', 5, 1),
(254, 'Ivan Ramiro', 'Cordoba', 'D', 9, 1),
(255, 'Alessandro', 'Crescenzi', 'D', 18, 0),
(256, 'Jose Angel Rincon', 'Crespo', 'D', 2, 1),
(257, 'Dario', 'Dainelli', 'D', 8, 1),
(258, 'Larangeira', 'Danilo', 'D', 20, 1),
(259, 'Paolo', 'De Ceglie', 'D', 10, 1),
(260, 'Lorenzo', 'De Silvestri', 'D', 7, 1),
(261, 'Cristiano', 'Del Grosso', 'D', 19, 1),
(262, 'Lorenzo', 'Del Prete', 'D', 19, 0),
(263, 'Mobido', 'Diakite''', 'D', 11, 1),
(264, 'Souleymane', 'Diamoutene', 'D', 12, 1),
(265, 'Andre', 'Dias', 'D', 11, 1),
(266, 'Maurizio', 'Domizzi', 'D', 20, 1),
(267, 'Joel', 'Ekstrand', 'D', 20, 1),
(268, 'Andrea', 'Esposito', 'D', 12, 1),
(269, 'Ivan', 'Fatic', 'D', 6, 0),
(270, 'Da Silva Dalbelo Dias', 'Felipe', 'D', 7, 1),
(271, 'Rolf', 'Feltscher', 'D', 17, 1),
(272, 'Federico', 'Fernandez', 'D', 14, 1),
(273, 'Stefano', 'Ferrario', 'D', 12, 1),
(274, 'Michele', 'Ferri', 'D', 1, 1),
(275, 'Damiano', 'Ferronetti', 'D', 20, 1),
(276, 'Nicolas', 'Frey', 'D', 6, 1),
(277, 'Alessandro', 'Gamberini', 'D', 7, 1),
(278, 'Santiago', 'Garcia', 'D', 15, 1),
(279, 'Gyorgy', 'Garics', 'D', 2, 1),
(280, 'Javier', 'Garrido', 'D', 11, 1),
(281, 'Giuseppe', 'Gemiti', 'D', 15, 1),
(282, 'Guillaume', 'Gigliotti', 'D', 15, 0),
(283, 'Massimo', 'Gobbi', 'D', 17, 1),
(284, 'Andreas', 'Granqvist', 'D', 8, 1),
(285, 'Gianluca', 'Grava', 'D', 14, 1),
(286, 'Fabio', 'Grosso', 'D', 10, 1),
(287, 'Zdenek', 'Grygera', 'D', 10, 0),
(288, 'Gabriel', 'Heinze', 'D', 18, 1),
(289, 'Bojan', 'Jokic', 'D', 6, 1),
(290, 'Cicero Moreira', 'Jonathan', 'D', 9, 1),
(291, NULL, 'Jose Angel', 'D', 18, 1),
(292, 'Silveira Dos Santos', 'Juan', 'D', 18, 1),
(293, 'Kakha', 'Kaladze', 'D', 8, 1),
(294, 'Abdoulay', 'Konko', 'D', 11, 1),
(295, 'Per', 'Kroldrup', 'D', 7, 1),
(296, 'Maurizio', 'Lauro', 'D', 5, 1),
(297, 'Stephan', 'Lichtsteiner', 'D', 10, 1),
(298, 'Andrea', 'Lisuzzo', 'D', 15, 1),
(299, 'Alessandro', 'Lucarelli', 'D', 17, 1),
(300, 'Stefano', 'Lucchini', 'D', 1, 1),
(301, NULL, 'Lucio', 'D', 9, 1),
(302, 'Carlo Alberto', 'Ludi', 'D', 15, 1),
(303, 'Senad', 'Lulic', 'D', 11, 1),
(304, 'Douglas', 'Maicon', 'D', 9, 1),
(305, 'Davide', 'Mandelli', 'D', 6, 1),
(306, 'Thomas', 'Manfredini', 'D', 1, 1),
(307, 'Andrea', 'Mantovani', 'D', 16, 1),
(308, 'Giovanni', 'Marchese', 'D', NULL, 1),
(309, 'Andrea', 'Masiello', 'D', 1, 1),
(310, 'Antonio', 'Mazzotta', 'D', 12, 0),
(311, 'Giandomenico', 'Mesto', 'D', 8, 1),
(312, 'Philippe', 'Mexes', 'D', 13, 1),
(313, 'Milan', 'Milanovic', 'D', 19, 1),
(314, 'Santiago', 'Morero', 'D', 6, 1),
(315, 'Emiliano', 'Moretti', 'D', 8, 1),
(316, 'Michel', 'Morganella', 'D', 15, 1),
(317, 'Archimede', 'Morleo', 'D', 2, 1),
(318, 'Marco', 'Motta', 'D', 10, 1),
(319, 'Ezequiel', 'Munoz', 'D', 16, 1),
(320, 'Yuto', 'Nagatomo', 'D', 9, 1),
(321, 'Matija', 'Nastasic', 'D', 7, 1),
(322, 'Cesare', 'Natali', 'D', 7, 1),
(323, 'Alessandro', 'Nesta', 'D', 13, 1),
(324, NULL, 'Neuton', 'D', 20, 1),
(325, 'Massimo', 'Oddo', 'D', 12, 1),
(326, 'Massimo', 'Paci', 'D', 15, 1),
(327, 'Gabriel Alejandro', 'Paletta', 'D', 17, 1),
(328, 'Manuel', 'Pasqual', 'D', 7, 1),
(329, 'Giovanni', 'Pasquale', 'D', 20, 1),
(330, 'Federico', 'Peluso', 'D', 1, 1),
(331, 'Gabriele', 'Perico', 'D', 3, 1),
(332, 'Eros', 'Pisano', 'D', 16, 1),
(333, 'Francesco', 'Pisano', 'D', 3, 1),
(334, 'Daniele', 'Portanova', 'D', 2, 1),
(335, 'Alessandro', 'Potenza', 'D', NULL, 1),
(336, 'Stefan', 'Radu', 'D', 11, 1),
(337, 'Cristian', 'Raimondi', 'D', 1, 1),
(338, 'Andrea', 'Ranocchia', 'D', 9, 1),
(339, 'Cesare', 'Rickler', 'D', 2, 1),
(340, 'Souza Orestes Caldeira', 'Romulo', 'D', 7, 1),
(341, 'Aleandro', 'Rosi', 'D', 18, 1),
(342, 'Luca', 'Rossettini', 'D', 19, 1),
(343, 'Andrea', 'Rossi', 'D', 19, 1),
(344, 'Marco', 'Rossi', 'D', 5, 1),
(345, 'Victor', 'Ruiz', 'D', 14, 0),
(346, 'Walter', 'Samuel', 'D', 9, 1),
(347, 'Fabiano', 'Santacroce', 'D', 17, 1),
(348, 'Davide', 'Santon', 'D', 9, 0),
(349, 'Gennaro', 'Sardo', 'D', 6, 1),
(350, 'Lionel', 'Scaloni', 'D', 11, 1),
(351, 'Matias', 'Silvestre', 'D', 16, 1),
(352, 'Frederic', 'Sorensen', 'D', 10, 1),
(353, 'Nicolas', 'Spolli', 'D', NULL, 1),
(354, 'Marius', 'Stankevicius', 'D', 11, 1),
(355, 'Guglielmo', 'Stendardo', 'D', 11, 1),
(356, 'Taye Ismaila', 'Taiwo', 'D', 13, 1),
(357, 'Claudio', 'Terzi', 'D', 19, 1),
(358, NULL, 'Thiago Silva', 'D', 13, 1),
(359, 'Nenad', 'Tomovic', 'D', 12, 1),
(360, 'Luigi', 'Vitale', 'D', 2, 1),
(361, 'Roberto', 'Vitiello', 'D', 19, 1),
(362, 'Steve', 'Von Bergen', 'D', 5, 1),
(363, 'Mario Alberto', 'Yepes', 'D', 13, 1),
(364, 'Cristian', 'Zaccardo', 'D', 17, 1),
(365, 'Gianluca', 'Zambrotta', 'D', 13, 1),
(366, 'Reto', 'Ziegler', 'D', 10, 0),
(367, 'Emanuele', 'Pesoli', 'D', 19, 1),
(368, 'Matteo', 'Rubin', 'D', 17, 1),
(369, 'Luciano', 'Zauri', 'D', 11, 1),
(370, 'Andrea', 'Raggi', 'D', 2, 1),
(371, 'Matteo', 'Contini', 'D', 19, 1),
(372, 'Pablo Hernan', 'Dellafiore', 'D', 15, 1),
(373, 'Simone', 'Gozzi', 'D', 3, 1),
(374, 'Simone', 'Loria', 'D', 2, 1),
(375, 'Boukary', 'Drame''', 'D', 6, 1),
(376, 'Matias', 'Aguirregaray', 'D', 16, 1),
(377, 'Nicola', 'Legrottaglie', 'D', NULL, 1),
(378, 'Ignacio David', 'Fideleff', 'D', 14, 1),
(379, 'Simon', 'Kjaer', 'D', 18, 1),
(380, 'Guillermo', 'Rodriguez', 'D', 5, 1),
(501, 'Almen', 'Abdi', 'C', 20, 1),
(502, 'Afriyie', 'Acquah', 'C', 16, 1),
(503, 'Ricardo', 'Alvarez', 'C', 9, 1),
(504, 'Massimo', 'Ambrosini', 'C', 13, 1),
(505, 'Alberto', 'Aquilani', 'C', 13, 1),
(506, 'Kwadwo', 'Asamoah', 'C', 20, 1),
(507, 'Armin', 'Bacinovic', 'C', 16, 1),
(508, 'Emmanuel Agyemang', 'Badu', 'C', 20, 1),
(509, 'Edgar', 'Barreto', 'C', 16, 1),
(510, 'Pablo', 'Barrientos', 'C', NULL, 1),
(511, 'Valon', 'Behrami', 'C', 7, 1),
(512, 'Simone', 'Bentivoglio', 'C', 6, 0),
(513, 'Andrea', 'Bertolacci', 'C', 12, 1),
(514, 'Jonathan', 'Biabiany', 'C', 17, 1),
(515, 'Marco', 'Biagianti', 'C', NULL, 1),
(516, 'Davide', 'Biondini', 'C', 3, 1),
(517, 'Valter', 'Birsa', 'C', 8, 1),
(518, 'Manuele', 'Blasi', 'C', 17, 1),
(519, 'Kevin Prince', 'Boateng', 'C', 13, 1),
(520, 'Mariano', 'Bogliacino', 'C', 14, 0),
(521, 'Francesco', 'Bolzoni', 'C', 19, 1),
(522, 'Giacomo', 'Bonaventura', 'C', 1, 1),
(523, 'Mark', 'Bresciano', 'C', 11, 0),
(524, 'Matteo', 'Brighi', 'C', 1, 1),
(525, 'Christian', 'Brocchi', 'C', 11, 1),
(526, 'Esteban Matias', 'Cambiasso', 'C', 9, 1),
(527, 'Lorik', 'Cana', 'C', 11, 1),
(528, 'Antonio', 'Candreva', 'C', 5, 1),
(529, 'Carlos E.', 'Carmona', 'C', 1, 1),
(530, 'Mirko', 'Carretta', 'C', 6, 0),
(531, 'Federico', 'Casarini', 'C', 2, 1),
(532, 'Fabio', 'Caserta', 'C', 1, 1),
(533, 'Pablo', 'Ceppelini', 'C', 3, 1),
(534, 'Alessio', 'Cerci', 'C', 7, 1),
(535, 'Luca', 'Cigarini', 'C', 1, 1),
(536, 'Paul Costantin', 'Codrea', 'C', 19, 1),
(537, 'Giuseppe', 'Colucci', 'C', 5, 1),
(538, 'Kevin', 'Constant', 'C', 8, 1),
(539, 'Daniele', 'Conti', 'C', 3, 1),
(540, 'Manuel', 'Coppola', 'C', 17, 0),
(541, 'Andrea', 'Cossu', 'C', 3, 1),
(542, 'Philippe', 'Coutinho', 'C', 9, 1),
(543, 'Rinaldo', 'Cruzado', 'C', 6, 1),
(544, 'Gaetano', 'D''agostino', 'C', 19, 1),
(545, 'Andrea', 'De Falco', 'C', 6, 0),
(546, 'Giuseppe', 'De Feudis', 'C', 5, 0),
(547, 'Daniele', 'De Rossi', 'C', 18, 1),
(548, 'Simone', 'Del Nero', 'C', 11, 1),
(549, 'Francesco', 'Della Rocca', 'C', 16, 1),
(550, 'Francesco', 'Dettori', 'C', 6, 0),
(551, 'Luca', 'Di Matteo', 'C', 16, 1),
(552, 'Marco', 'Donadel', 'C', 14, 1),
(553, 'Cristiano', 'Doni', 'C', 1, 1),
(554, 'Andrea', 'Dossena', 'C', 14, 1),
(555, 'Pascal', 'Doubai', 'C', 20, 1),
(556, 'Blerim', 'Dzemaili', 'C', 14, 1),
(557, 'Albin', 'Ekdal', 'C', 3, 1),
(558, 'Stephan', 'El Shaarawy', 'C', 13, 1),
(559, 'Urby', 'Emanuelson', 'C', 13, 1),
(560, 'Diego', 'Fabbrini', 'C', 20, 1),
(561, 'Adriano', 'Ferreira Pinto', 'C', 1, 1),
(562, 'Mathieu', 'Flamini', 'C', 13, 1),
(563, 'Pasquale', 'Foggia', 'C', 11, 0),
(564, 'Daniele', 'Galloppa', 'C', 17, 1),
(565, 'Walter', 'Gargano', 'C', 14, 1),
(566, 'Gennaro Ivan', 'Gattuso', 'C', 13, 1),
(567, 'Guillermo', 'Giacomazzi', 'C', 12, 1),
(568, 'Luigi', 'Giorgi', 'C', 15, 1),
(569, 'Alejandro', 'Gomez', 'C', NULL, 1),
(570, 'Alvaro', 'Gonzalez', 'C', 11, 1),
(571, 'Leandro', 'Greco', 'C', 18, 1),
(572, 'Simone', 'Grippo', 'C', 6, 1),
(573, 'Paolo', 'Grossi', 'C', 19, 1),
(574, 'Carlos Javier', 'Grossmuller', 'C', 12, 1),
(575, 'Roberto', 'Guana', 'C', 5, 1),
(576, 'Marek', 'Hamsik', 'C', 14, 1),
(577, NULL, 'Hernanes', 'C', 11, 1),
(578, 'Perparim', 'Hetemaj', 'C', 6, 1),
(579, 'Victor', 'Ibarbo', 'C', 3, 1),
(580, 'Josip', 'Ilicic', 'C', 16, 1),
(581, 'Gokan', 'Inler', 'C', 14, 1),
(582, 'Mauricio', 'Isla', 'C', 20, 1),
(583, 'Mariano Julio', 'Izco', 'C', NULL, 1),
(584, 'Bosko', 'Jankovic', 'C', 8, 1),
(585, NULL, 'Joao Pedro', 'C', 16, 0),
(586, 'Cristobal', 'Jorquera', 'C', 8, 1),
(587, 'Stevan', 'Jovetic', 'C', 7, 1),
(588, 'Pedro', 'Kamata', 'C', 19, 0),
(589, 'Houssine', 'Kharja', 'C', 7, 1),
(590, 'Milos', 'Krasic', 'C', 10, 1),
(591, 'Rene', 'Krhin', 'C', 2, 1),
(592, 'Juray', 'Kucka', 'C', 8, 1),
(593, 'Jasmin', 'Kurtic', 'C', 8, 0),
(594, 'Erik', 'Lamela', 'C', 18, 1),
(595, 'Andrea', 'Lazzari', 'C', 7, 1),
(596, 'Cristian', 'Ledesma', 'C', 11, 1),
(597, 'Pablo Martin', 'Ledesma', 'C', NULL, 1),
(598, 'Adem', 'Ljajic', 'C', 7, 1),
(599, 'Christian Ezequeil', 'Llama', 'C', NULL, 1),
(600, 'Francesco', 'Lodi', 'C', NULL, 1),
(601, 'Siqueira De Oliveira', 'Luciano', 'C', 6, 1),
(602, 'Nicola', 'Madonna', 'C', 1, 0),
(603, 'Christian', 'Maggio', 'C', 14, 1),
(604, 'Marco', 'Mancosu', 'C', 3, 0),
(605, 'Daniele', 'Mannini', 'C', 19, 1),
(606, 'Marco', 'Marchionni', 'C', 7, 1),
(607, 'Claudio', 'Marchisio', 'C', 10, 1),
(608, 'Francesco', 'Marianini', 'C', 15, 1),
(609, 'Mcdonald', 'Mariga', 'C', 9, 0),
(610, 'Luca', 'Marrone', 'C', 10, 1),
(611, 'Jorge Andres', 'Martinez', 'C', 5, 1),
(612, 'Raphael', 'Martinho', 'C', 5, 1),
(613, 'Francelino', 'Matuzalem', 'C', 11, 1),
(614, 'Stefano', 'Mauri', 'C', 11, 1),
(615, 'Andrea', 'Mazzarani', 'C', 15, 1),
(616, 'Ledian', 'Memushaj', 'C', 6, 0),
(617, 'Alexander', 'Merkel', 'C', 8, 1),
(618, 'Djamel', 'Mesbah', 'C', 12, 1),
(619, 'Giulio', 'Migliaccio', 'C', 16, 1),
(620, 'Francesco', 'Modesto', 'C', 17, 1),
(621, 'Riccardo', 'Montolivo', 'C', 7, 1),
(622, 'Federico', 'Moretti', 'C', NULL, 0),
(623, 'Stefano', 'Morrone', 'C', 17, 1),
(624, 'Gaby', 'Mudingayi', 'C', 2, 1),
(625, 'Gianni', 'Munari', 'C', 7, 1),
(626, 'Sulley', 'Muntari', 'C', 9, 1),
(627, 'Radja', 'Nainggolan', 'C', 3, 1),
(628, 'Antonio', 'Nocerino', 'C', 13, 1),
(629, 'Obiorah', 'Nwankwo', 'C', 17, 1),
(630, 'Joel', 'Obi', 'C', 9, 1),
(631, 'Christian', 'Obodo', 'C', 12, 1),
(632, 'Ruben', 'Olivera', 'C', 12, 1),
(633, 'Simone', 'Padoin', 'C', 1, 1),
(634, 'Raffaele', 'Palladino', 'C', 17, 1),
(635, 'Gabriele', 'Paonessa', 'C', 17, 0),
(636, 'Marco', 'Parolo', 'C', 5, 1),
(637, 'Cristian', 'Pasquato', 'C', 12, 1),
(638, 'Javier', 'Pastore', 'C', 16, 0),
(639, 'Michele', 'Pazienza', 'C', 10, 1),
(640, 'Simone', 'Pepe', 'C', 10, 1),
(641, 'Diego', 'Perez', 'C', 2, 1),
(642, 'Simone', 'Perrotta', 'C', 18, 1),
(643, 'Simone', 'Pesce', 'C', 15, 1),
(644, 'Leonardo', 'Pettinari', 'C', 1, 0),
(645, 'Ignacio', 'Piatti', 'C', 12, 1),
(646, 'Alex', 'Pinardi', 'C', 15, 1),
(647, 'Giampiero', 'Pinzi', 'C', 20, 1),
(648, 'Andrea', 'Pirlo', 'C', 10, 1),
(649, 'Andrea', 'Pisanu', 'C', 2, 0),
(650, 'David Marcelo Cortes', 'Pizarro', 'C', 18, 1),
(651, 'Filippo', 'Porcari', 'C', 15, 1),
(652, 'Nico', 'Pulzetti', 'C', 2, 1),
(653, 'Ivan', 'Radovanovic', 'C', 15, 1),
(654, 'Gaston', 'Ramirez', 'C', 2, 1),
(655, 'Ferreira', 'Reginaldo', 'C', 19, 1),
(656, 'Adrian', 'Ricchiuti', 'C', NULL, 1),
(657, 'Luca', 'Rigoni', 'C', 6, 1),
(658, 'Marco', 'Rigoni', 'C', 15, 1),
(659, 'Marco', 'Rossi', 'C', 8, 1),
(660, 'Mario Alberto', 'Santana', 'C', 14, 1),
(661, 'Matias Ezquiel', 'Schelotto', 'C', 1, 1),
(662, 'Fabio', 'Sciacca', 'C', NULL, 1),
(663, 'Giuseppe', 'Sculli', 'C', 11, 1),
(664, 'Clarence', 'Seedorf', 'C', 13, 1),
(665, 'Alessio', 'Sestu', 'C', 19, 1),
(666, 'Felipe Ignacio', 'Seymour', 'C', 8, 1),
(667, 'Rijat', 'Shala', 'C', 15, 0),
(668, 'Adam', 'Simon', 'C', 16, 1),
(669, 'Fabio Henrique', 'Simplicio', 'C', 18, 1),
(670, 'Abdou', 'Sissoko', 'C', 20, 1),
(671, 'Mohamed', 'Sissoko', 'C', 10, 0),
(672, 'Mikhail', 'Sivakov', 'C', 3, 0),
(673, 'Wesley', 'Sneijder', 'C', 9, 1),
(674, 'Dejan', 'Stankovic', 'C', 9, 1),
(675, 'Rodney', 'Strasser', 'C', 12, 1),
(676, 'Rodrigo', 'Taddei', 'C', 18, 1),
(677, NULL, 'Thiago Motta', 'C', 9, 1),
(678, 'Gennaro', 'Troianiello', 'C', 19, 1),
(679, 'Jaime Andres Zapata', 'Valdes', 'C', 17, 1),
(680, 'Francesco', 'Valiani', 'C', 17, 1),
(681, 'Mark', 'Van Bommel', 'C', 13, 1),
(682, 'Ignacio', 'Varela Lores', 'C', 16, 1),
(683, 'Juan', 'Vargas', 'C', 7, 1),
(684, 'Miguel', 'Veloso', 'C', 8, 1),
(685, 'Simone', 'Vergassola', 'C', 19, 1),
(686, 'Arturo', 'Vidal', 'C', 10, 1),
(687, 'Eran', 'Zahavi', 'C', 16, 1),
(688, 'Javier Aldemar', 'Zanetti', 'C', 9, 1),
(689, NULL, 'Ze Eduardo', 'C', 17, 1),
(690, 'Juan Camilo', 'Zuniga', 'C', 14, 1),
(691, 'Juan', 'Cuadrado', 'C', 12, 1),
(692, 'Maxi', 'Moralez', 'C', 1, 1),
(693, 'Saphir', 'Taider', 'C', 2, 1),
(694, 'Davide', 'Lanzafame', 'C', NULL, 1),
(695, 'Pablo Estifer', 'Armero', 'C', 20, 1),
(696, 'Alessandro', 'Diamanti', 'C', 2, 1),
(697, 'Mario Angel', 'Paglialunga', 'C', NULL, 1),
(698, 'Fernando', 'Marques', 'C', 17, 1),
(699, 'Alessandro', 'Gazzi', 'C', 19, 1),
(700, 'Federico', 'Viviani', 'C', 18, 1),
(701, 'Gianluca', 'Caprari', 'C', 18, 1),
(702, 'Paolo', 'Sammarco', 'C', 6, 1),
(703, 'Kamil', 'Vacek', 'C', 6, 1),
(704, 'Sergio', 'Almiron', 'C', NULL, 1),
(705, 'Marcelo', 'Estigarribia', 'C', 10, 1),
(706, 'Andrea', 'Poli', 'C', 9, 1),
(707, 'Sebastian', 'Eriksson', 'C', 3, 1),
(708, 'Gabriel', 'Torje', 'C', 20, 1),
(709, NULL, 'Rui Sampaio', 'C', 3, 1),
(710, 'Michael', 'Bradley', 'C', 6, 1),
(711, 'Elijiero', 'Elia', 'C', 10, 1),
(712, 'Roberto Maximiliano', 'Pereyra', 'C', 20, 1),
(713, 'Panagiotis', 'Kone', 'C', 2, 1),
(714, 'Manuel', 'Giandonato', 'C', 12, 1),
(715, 'Edgar', 'Alvarez', 'C', 16, 1),
(716, 'Fernando', 'Gago', 'C', 18, 1),
(717, 'Miralem', 'Pjanic', 'C', 18, 1),
(718, 'Damian', 'Djokovic', 'C', 5, 1),
(719, 'Nicolas', 'Bertolo', 'C', 16, 1),
(720, 'Gennaro', 'Delvecchio', 'C', NULL, 1),
(721, 'Cesar Daniel', 'Meza Colli', 'C', 5, 1),
(722, 'Abderrazzak', 'Jadid', 'C', 17, 1),
(801, 'Robert', 'Acquafresca', 'A', 2, 1),
(802, 'Dominic', 'Adiyiah', 'A', 13, 0),
(803, 'Carvalho De Oliveira', 'Amauri', 'A', 10, 1),
(804, 'Matteo', 'Ardemagni', 'A', 1, 1),
(805, 'Khouma El', 'Babacar', 'A', 7, 1),
(806, 'De Souza Paulo', 'Barreto', 'A', 20, 1),
(807, 'Sasa', 'Bjelanovic', 'A', 1, 0),
(808, 'Erjon', 'Bogdani', 'A', 5, 1),
(809, 'Krkic', 'Bojan', 'A', 18, 1),
(810, 'Fabio', 'Borini', 'A', 18, 1),
(811, 'Marco', 'Borriello', 'A', 18, 1),
(812, 'Franco', 'Brienza', 'A', 19, 1),
(813, 'Daniele', 'Cacia', 'A', 12, 0),
(814, 'Emanuele', 'Calaio''', 'A', 19, 1),
(815, 'Antonio', 'Cassano', 'A', 13, 1),
(816, 'Luc', 'Castaignos', 'A', 9, 1),
(817, 'Andrea', 'Catellani', 'A', NULL, 1),
(818, 'Edinson', 'Cavani', 'A', 14, 1),
(819, 'Tommaso', 'Ceccarelli', 'A', 11, 0),
(820, 'Djibril', 'Cisse', 'A', 11, 1),
(821, 'Daniele', 'Corvia', 'A', 12, 1),
(822, 'Hernan', 'Crespo', 'A', 17, 1),
(823, 'Marco Ariel', 'De Paula', 'A', 6, 0),
(824, 'Alessandro', 'Del Piero', 'A', 10, 1),
(825, 'German', 'Denis', 'A', 1, 1),
(826, 'Mattia', 'Destro', 'A', 19, 1),
(827, 'David', 'Di Michele', 'A', 12, 1),
(828, 'Antonio', 'Di Natale', 'A', 20, 1),
(829, 'Marco', 'Di Vaio', 'A', 2, 1),
(830, 'Citadin Martins', 'Eder', 'A', 5, 1),
(831, 'Moestafa', 'El Kabir', 'A', 3, 1),
(832, 'Andres Ramiro', 'Escobar', 'A', 8, 0),
(833, 'Samuel', 'Eto''o', 'A', 9, 0),
(834, 'Sergio', 'Floccari', 'A', 17, 1),
(835, 'Antonio', 'Floro Flores', 'A', 20, 1),
(836, 'Manolo', 'Gabbiadini', 'A', 1, 1),
(837, 'Emanuele', 'Giaccherini', 'A', 10, 1),
(838, 'Alberto', 'Gilardino', 'A', 7, 1),
(839, 'Henry Damian', 'Gimenez', 'A', 2, 1),
(840, 'Sebastian', 'Giovinco', 'A', 17, 1),
(841, NULL, 'Gonzalez Pablo', 'A', 19, 1),
(842, 'Pablo', 'Granoche', 'A', 15, 1),
(843, 'Linus', 'Hallenius', 'A', 8, 0),
(844, 'Abel', 'Hernandez', 'A', 16, 1),
(845, 'Vincenzo', 'Iaquinta', 'A', 10, 1),
(846, 'Zlatan', 'Ibrahimovic', 'A', 13, 1),
(847, 'Filippo', 'Inzaghi', 'A', 13, 1),
(848, 'Antimo', 'Iunco', 'A', 6, 0),
(849, 'Capucho Neves', 'Jeda', 'A', 15, 1),
(850, NULL, 'Keko', 'A', NULL, 1),
(851, 'Miroslav', 'Klose', 'A', 11, 1),
(852, 'Libor', 'Kozak', 'A', 11, 1),
(853, 'Joaquin', 'Larrivey', 'A', 3, 1),
(854, 'Paez Marcelo', 'Larrondo', 'A', 19, 1),
(855, 'Ezequiel', 'Lavezzi', 'A', 14, 1),
(856, 'Cristiano', 'Lucarelli', 'A', 14, 1),
(857, 'Dominic', 'Malonga', 'A', 5, 1),
(858, 'Guido', 'Marilungo', 'A', 1, 1),
(859, 'Giuseppe', 'Mascara', 'A', 14, 1),
(860, 'Alessandro', 'Matri', 'A', 10, 1),
(861, 'Gaston', 'Maxi Lopez', 'A', NULL, 1),
(862, 'Riccardo', 'Meggiorini', 'A', 15, 1),
(863, 'Fabrizio', 'Miccoli', 'A', 16, 1),
(864, 'Diego', 'Milito', 'A', 9, 1),
(865, 'Takayuki', 'Morimoto', 'A', 15, 1),
(866, 'Davide', 'Moscardelli', 'A', 6, 1),
(867, 'Simone', 'Motta', 'A', 15, 0),
(868, 'Adrian', 'Mutu', 'A', 5, 1),
(869, 'Anderson Miguel', 'Nene''', 'A', 3, 1),
(870, 'Edward', 'Ofere', 'A', 12, 1),
(871, 'Stefano', 'Okaka', 'A', 18, 1),
(872, 'Rodrigo', 'Palacio', 'A', 8, 1),
(873, 'Alberto', 'Paloschi', 'A', 6, 1),
(874, 'Goran', 'Pandev', 'A', 14, 1),
(875, 'Michele', 'Paolucci', 'A', 19, 0),
(876, 'Ndiaye', 'Papa Waigo', 'A', 7, 0),
(877, 'Daniele', 'Paponi', 'A', 2, 1),
(878, 'Alexandre', 'Pato', 'A', 13, 1),
(879, 'Giampaolo', 'Pazzini', 'A', 9, 1),
(880, 'Graziano', 'Pelle''', 'A', 17, 1),
(881, 'Sergio', 'Pellissier', 'A', 6, 1),
(882, 'Mauricio', 'Pinilla', 'A', 16, 1),
(883, 'Lucas', 'Pratto', 'A', 8, 1),
(884, 'Fabio', 'Quagliarella', 'A', 10, 1),
(885, 'Vincenzo', 'Rennella', 'A', 5, 1),
(886, 'Sebastian Cesar Helios', 'Ribas', 'A', 8, 1),
(887, 'Roope', 'Riski', 'A', 5, 0),
(888, 'Robson De Souza', 'Robinho', 'A', 13, 1),
(889, 'Tommaso', 'Rocchi', 'A', 11, 1),
(890, 'Federico', 'Rodriguez', 'A', 2, 1),
(891, 'Raffaele', 'Rubino', 'A', 15, 1),
(892, 'Gergely', 'Rudolf', 'A', 8, 0),
(893, 'Francesco', 'Ruopolo', 'A', 1, 0),
(894, 'Amadou', 'Samb', 'A', 6, 0),
(895, 'Nicola', 'Sansone', 'A', 17, 0),
(896, 'Haris', 'Seferovic', 'A', 7, 0),
(897, 'David', 'Suazo', 'A', NULL, 1),
(898, 'Cyril', 'Thereau', 'A', 6, 1),
(899, 'Simone', 'Tiribocchi', 'A', 1, 1),
(900, 'Luca', 'Toni', 'A', 10, 1),
(901, 'Francesco', 'Totti', 'A', 18, 1),
(902, 'Fernando', 'Uribe', 'A', 6, 1),
(903, 'Daniele', 'Vantaggiato', 'A', 2, 1),
(904, 'Mirko', 'Vucinic', 'A', 10, 1),
(905, 'Matej', 'Vydra', 'A', 20, 0),
(906, 'Mauro Matias', 'Zarate', 'A', 9, 1),
(907, 'De Almeida', 'Ze Eduardo', 'A', 8, 1),
(908, 'Cristian', 'Chavez', 'A', 14, 1),
(909, 'Pablo Daniel', 'Osvaldo', 'A', 18, 1),
(910, 'Gonzalo', 'Bergessio', 'A', NULL, 1),
(911, 'Abdelkader', 'Ghezzal', 'A', 5, 1),
(912, 'Francesco', 'Grandolfo', 'A', 6, 1),
(913, 'Silva', 'Santiago', 'A', 7, 1),
(914, 'Luis Fernando', 'Muriel', 'A', 12, 1),
(915, 'Diego', 'Forlan', 'A', 9, 1),
(916, 'Ribeiro', 'Thiago', 'A', 3, 1),
(917, 'Joel', 'Acosta', 'A', 19, 1),
(918, 'Andrea', 'Caracciolo', 'A', 8, 1);

-- --------------------------------------------------------

--
-- Struttura della tabella `giornata`
--

CREATE TABLE IF NOT EXISTS `giornata` (
  `id` int(11) NOT NULL AUTO_INCREMENT,
  `dataInizio` timestamp NOT NULL DEFAULT '0000-00-00 00:00:00',
  `dataFine` timestamp NOT NULL DEFAULT '0000-00-00 00:00:00',
  PRIMARY KEY (`id`)
) ENGINE=InnoDB  DEFAULT CHARSET=utf8 COLLATE=utf8_unicode_ci AUTO_INCREMENT=39 ;

--
-- Dump dei dati per la tabella `giornata`
--

INSERT INTO `giornata` (`id`, `dataInizio`, `dataFine`) VALUES
(1, '2010-07-31 22:00:00', '2011-08-27 16:00:00'),
(2, '2011-08-28 20:45:00', '2011-09-09 18:45:00'),
(3, '2011-09-11 20:45:00', '2011-09-17 16:00:00'),
(4, '2011-09-18 20:45:00', '2011-09-20 18:45:00'),
(5, '2011-09-22 20:45:00', '2011-09-24 16:00:00'),
(6, '2011-09-25 20:45:00', '2011-10-01 22:00:00'),
(7, '2011-10-02 00:00:00', '2011-10-15 22:00:00'),
(8, '2011-10-16 00:00:00', '2011-10-22 22:00:00'),
(9, '2011-10-23 00:00:00', '2011-10-25 22:00:00'),
(10, '2011-10-25 22:00:00', '2011-10-29 22:00:00'),
(11, '2011-10-30 01:00:00', '2011-11-05 23:00:00'),
(12, '2011-11-06 01:00:00', '2011-11-19 23:00:00'),
(13, '2011-11-20 01:00:00', '2011-11-26 23:00:00'),
(14, '2011-11-27 01:00:00', '2011-12-03 23:00:00'),
(15, '2011-12-04 01:00:00', '2011-12-10 23:00:00'),
(16, '2011-12-11 01:00:00', '2011-12-17 23:00:00'),
(17, '2011-12-18 01:00:00', '2012-01-07 23:00:00'),
(18, '2012-01-08 01:00:00', '2012-01-14 23:00:00'),
(19, '2012-01-15 01:00:00', '2012-01-21 23:00:00'),
(20, '2012-01-22 01:00:00', '2012-01-28 23:00:00'),
(21, '2012-01-29 01:00:00', '2012-01-31 23:00:00'),
(22, '2012-02-01 01:00:00', '2012-02-04 23:00:00'),
(23, '2012-02-05 01:00:00', '2012-02-11 23:00:00'),
(24, '2012-02-12 01:00:00', '2012-02-18 23:00:00'),
(25, '2012-02-19 01:00:00', '2012-02-25 23:00:00'),
(26, '2012-02-26 01:00:00', '2012-03-03 23:00:00'),
(27, '2012-03-04 01:00:00', '2012-03-10 23:00:00'),
(28, '2012-03-11 01:00:00', '2012-03-17 23:00:00'),
(29, '2012-03-18 01:00:00', '2012-03-24 23:00:00'),
(30, '2012-03-25 01:00:00', '2012-03-31 22:00:00'),
(31, '2012-04-01 00:00:00', '2012-04-06 22:00:00'),
(32, '2012-04-07 00:00:00', '2012-04-10 22:00:00'),
(33, '2012-04-11 00:00:00', '2012-04-14 22:00:00'),
(34, '2012-04-15 00:00:00', '2012-04-21 22:00:00'),
(35, '2012-04-22 00:00:00', '2012-04-28 22:00:00'),
(36, '2012-04-29 00:00:00', '2012-05-01 22:00:00'),
(37, '2012-05-02 00:00:00', '2012-05-05 22:00:00'),
(38, '2012-05-06 00:00:00', '2012-05-12 22:00:00');

-- --------------------------------------------------------

--
-- Struttura della tabella `lega`
--

CREATE TABLE IF NOT EXISTS `lega` (
  `id` int(11) NOT NULL AUTO_INCREMENT,
  `nome` varchar(15) COLLATE utf8_unicode_ci NOT NULL,
  `capitano` tinyint(1) NOT NULL DEFAULT '1',
  `numTrasferimenti` tinyint(4) NOT NULL DEFAULT '15',
  `numSelezioni` tinyint(4) NOT NULL DEFAULT '2',
  `minFormazione` smallint(6) NOT NULL DEFAULT '10',
  `premi` text COLLATE utf8_unicode_ci,
  `punteggioFormazioneDimenticata` smallint(6) NOT NULL DEFAULT '66',
  `jolly` tinyint(1) DEFAULT '1',
  PRIMARY KEY (`id`)
) ENGINE=InnoDB  DEFAULT CHARSET=utf8 COLLATE=utf8_unicode_ci AUTO_INCREMENT=3 ;

--
-- Dump dei dati per la tabella `lega`
--

INSERT INTO `lega` (`id`, `nome`, `capitano`, `numTrasferimenti`, `numSelezioni`, `minFormazione`, `premi`, `punteggioFormazioneDimenticata`, `jolly`) VALUES
(1, 'Alzano Sopra', 1, 15, 0, 10, NULL, 66, 1),
(2, 'uva town', 1, 15, 3, 10, NULL, 100, 0);

-- --------------------------------------------------------

--
-- Struttura della tabella `punteggio`
--

CREATE TABLE IF NOT EXISTS `punteggio` (
  `id` int(11) NOT NULL AUTO_INCREMENT,
  `punteggio` float NOT NULL,
  `penalità` varchar(50) COLLATE utf8_unicode_ci DEFAULT NULL,
  `idGiornata` int(11) NOT NULL,
  `idUtente` int(11) NOT NULL,
  `idLega` int(11) NOT NULL,
  PRIMARY KEY (`id`),
  KEY `idGiornata` (`idGiornata`),
  KEY `idUtente` (`idUtente`),
  KEY `idLega` (`idLega`)
) ENGINE=InnoDB  DEFAULT CHARSET=utf8 COLLATE=utf8_unicode_ci AUTO_INCREMENT=55 ;

--
-- Dump dei dati per la tabella `punteggio`
--

INSERT INTO `punteggio` (`id`, `punteggio`, `penalità`, `idGiornata`, `idUtente`, `idLega`) VALUES
(1, 77.5, NULL, 2, 1, 1),
(2, 79, NULL, 2, 2, 1),
(3, 77.5, NULL, 2, 3, 1),
(4, 68, NULL, 2, 4, 1),
(5, 85.5, NULL, 2, 5, 1),
(6, 83.5, NULL, 2, 6, 1),
(7, 76, NULL, 2, 7, 1),
(8, 0, NULL, 1, 1, 1),
(9, 0, NULL, 1, 2, 1),
(10, 0, NULL, 1, 3, 1),
(11, 0, NULL, 1, 4, 1),
(12, 0, NULL, 1, 5, 1),
(13, 0, NULL, 1, 6, 1),
(14, 0, NULL, 1, 7, 1),
(15, 0, NULL, 1, 8, 1),
(16, 73.5, NULL, 2, 8, 1),
(17, 0, NULL, 2, 10, 2),
(18, 0, NULL, 2, 11, 2),
(19, 0, NULL, 2, 12, 2),
(20, 0, NULL, 2, 14, 2),
(21, 0, NULL, 2, 15, 2),
(22, 0, NULL, 2, 16, 2),
(23, -100, 'Acquisto giocatori', 1, 5, 1),
(24, -13, 'Acquisto giocatori', 1, 7, 1),
(25, -7.5, 'Acquisto giocatori', 1, 2, 1),
(26, -30, 'Acquisto giocatori', 1, 3, 1),
(27, 76.5, NULL, 3, 1, 1),
(28, 73, NULL, 3, 2, 1),
(29, 74, NULL, 3, 3, 1),
(30, 85, NULL, 3, 4, 1),
(31, 68.5, NULL, 3, 5, 1),
(32, 72.5, NULL, 3, 6, 1),
(33, 70, NULL, 3, 8, 1),
(34, 0, NULL, 3, 10, 2),
(35, 0, NULL, 3, 11, 2),
(36, 0, NULL, 3, 12, 2),
(37, 0, NULL, 3, 14, 2),
(38, 0, NULL, 3, 15, 2),
(39, 0, NULL, 3, 16, 2),
(40, 70.5, NULL, 4, 1, 1),
(41, 75, NULL, 4, 2, 1),
(42, 69, NULL, 4, 3, 1),
(43, 66.5, NULL, 4, 4, 1),
(44, 73.5, NULL, 4, 5, 1),
(45, 81.5, NULL, 4, 6, 1),
(46, 78.5, NULL, 4, 8, 1),
(47, 0, NULL, 4, 10, 2),
(48, 0, NULL, 4, 11, 2),
(49, 0, NULL, 4, 12, 2),
(50, 0, NULL, 4, 14, 2),
(51, 0, NULL, 4, 15, 2),
(52, 0, NULL, 4, 16, 2),
(53, 65, NULL, 3, 7, 1),
(54, 66, NULL, 4, 7, 1);

-- --------------------------------------------------------

--
-- Struttura della tabella `schieramento`
--

CREATE TABLE IF NOT EXISTS `schieramento` (
  `id` int(11) NOT NULL AUTO_INCREMENT,
  `idFormazione` int(11) NOT NULL,
  `idGiocatore` int(11) NOT NULL,
  `posizione` int(11) NOT NULL,
  `considerato` tinyint(1) NOT NULL,
  PRIMARY KEY (`id`),
  KEY `idFormazione` (`idFormazione`),
  KEY `idGiocatore` (`idGiocatore`)
) ENGINE=InnoDB  DEFAULT CHARSET=utf8 COLLATE=utf8_unicode_ci AUTO_INCREMENT=1333 ;

--
-- Dump dei dati per la tabella `schieramento`
--

INSERT INTO `schieramento` (`id`, `idFormazione`, `idGiocatore`, `posizione`, `considerato`) VALUES
(901, 1, 127, 1, 0),
(902, 1, 364, 2, 0),
(903, 1, 353, 3, 0),
(904, 1, 301, 4, 0),
(905, 1, 526, 5, 0),
(906, 1, 600, 6, 0),
(907, 1, 673, 7, 0),
(908, 1, 636, 8, 0),
(909, 1, 846, 9, 0),
(910, 1, 869, 10, 0),
(911, 1, 883, 11, 0),
(912, 1, 108, 12, 0),
(913, 1, 235, 13, 0),
(914, 1, 299, 14, 0),
(915, 1, 539, 15, 0),
(916, 1, 582, 16, 0),
(917, 1, 884, 17, 0),
(918, 1, 815, 18, 0),
(919, 2, 134, 1, 0),
(920, 2, 227, 2, 0),
(921, 2, 338, 3, 0),
(922, 2, 226, 4, 0),
(923, 2, 576, 5, 0),
(924, 2, 547, 6, 0),
(925, 2, 569, 7, 0),
(926, 2, 692, 8, 0),
(927, 2, 904, 9, 0),
(928, 2, 838, 10, 0),
(929, 2, 872, 11, 0),
(930, 2, 118, 12, 0),
(931, 2, 229, 13, 0),
(932, 2, 291, 14, 0),
(933, 2, 506, 15, 0),
(934, 2, 514, 16, 0),
(935, 2, 803, 17, 0),
(936, 2, 837, 18, 0),
(937, 3, 128, 1, 0),
(938, 3, 292, 2, 0),
(939, 3, 294, 3, 0),
(940, 3, 323, 4, 0),
(941, 3, 580, 5, 0),
(942, 3, 581, 6, 0),
(943, 3, 603, 7, 0),
(944, 3, 522, 8, 0),
(945, 3, 818, 9, 0),
(946, 3, 844, 10, 0),
(947, 3, 860, 11, 0),
(948, 3, 106, 12, 0),
(949, 3, 306, 13, 0),
(950, 3, 266, 14, 0),
(951, 3, 509, 15, 0),
(952, 3, 633, 16, 0),
(953, 3, 861, 17, 0),
(954, 3, 825, 18, 0),
(955, 4, 101, 1, 0),
(956, 4, 208, 2, 0),
(957, 4, 249, 3, 0),
(958, 4, 214, 4, 0),
(959, 4, 511, 5, 0),
(960, 4, 683, 6, 0),
(961, 4, 679, 7, 0),
(962, 4, 541, 8, 0),
(963, 4, 828, 9, 0),
(964, 4, 864, 10, 0),
(965, 4, 830, 11, 0),
(966, 4, 126, 12, 0),
(967, 4, 223, 13, 0),
(968, 4, 344, 14, 0),
(969, 4, 528, 15, 0),
(970, 4, 627, 16, 0),
(971, 4, 880, 17, 0),
(972, 4, 873, 18, 0),
(973, 5, 114, 1, 0),
(974, 5, 216, 2, 0),
(975, 5, 231, 3, 0),
(976, 5, 224, 4, 0),
(977, 5, 590, 5, 0),
(978, 5, 648, 6, 0),
(979, 5, 674, 7, 0),
(980, 5, 544, 8, 0),
(981, 5, 851, 9, 0),
(982, 5, 824, 10, 0),
(983, 5, 901, 11, 0),
(984, 5, 149, 12, 0),
(985, 5, 311, 13, 0),
(986, 5, 209, 14, 0),
(987, 5, 646, 15, 0),
(988, 5, 684, 16, 0),
(989, 5, 809, 17, 0),
(990, 5, 814, 18, 0),
(991, 6, 147, 1, 0),
(992, 6, 290, 2, 0),
(993, 6, 265, 3, 0),
(994, 6, 346, 4, 0),
(995, 6, 695, 5, 0),
(996, 6, 517, 6, 0),
(997, 6, 664, 7, 0),
(998, 6, 534, 8, 0),
(999, 6, 868, 9, 0),
(1000, 6, 820, 10, 0),
(1001, 6, 855, 11, 0),
(1002, 6, 102, 12, 0),
(1003, 6, 250, 13, 0),
(1004, 6, 253, 14, 0),
(1005, 6, 696, 15, 0),
(1006, 6, 503, 16, 0),
(1007, 6, 881, 17, 0),
(1008, 6, 835, 18, 0),
(1009, 7, 127, 1, 1),
(1010, 7, 364, 2, 2),
(1011, 7, 217, 3, 1),
(1012, 7, 301, 4, 1),
(1013, 7, 582, 5, 0),
(1014, 7, 539, 6, 1),
(1015, 7, 673, 7, 1),
(1016, 7, 636, 8, 1),
(1017, 7, 846, 9, 1),
(1018, 7, 869, 10, 1),
(1019, 7, 883, 11, 1),
(1020, 7, 108, 12, 0),
(1021, 7, 353, 13, 0),
(1022, 7, 299, 14, 0),
(1023, 7, 596, 15, 1),
(1024, 7, 526, 16, 0),
(1025, 7, 822, 17, 0),
(1026, 7, 815, 18, 0),
(1027, 8, 128, 1, 1),
(1028, 8, 294, 2, 1),
(1029, 8, 323, 3, 2),
(1030, 8, 245, 4, 1),
(1031, 8, 580, 5, 1),
(1032, 8, 581, 6, 1),
(1033, 8, 603, 7, 1),
(1034, 8, 522, 8, 1),
(1035, 8, 818, 9, 1),
(1036, 8, 844, 10, 1),
(1037, 8, 860, 11, 1),
(1038, 8, 106, 12, 0),
(1039, 8, 306, 13, 0),
(1040, 8, 266, 14, 0),
(1041, 8, 509, 15, 0),
(1042, 8, 633, 16, 0),
(1043, 8, 861, 17, 0),
(1044, 8, 825, 18, 0),
(1045, 9, 114, 1, 1),
(1046, 9, 231, 2, 2),
(1047, 9, 379, 3, 0),
(1048, 9, 216, 4, 1),
(1049, 9, 648, 5, 1),
(1050, 9, 674, 6, 1),
(1051, 9, 544, 7, 1),
(1052, 9, 646, 8, 1),
(1053, 9, 824, 9, 1),
(1054, 9, 901, 10, 1),
(1055, 9, 809, 11, 1),
(1056, 9, 149, 12, 0),
(1057, 9, 311, 13, 1),
(1058, 9, 209, 14, 0),
(1059, 9, 605, 15, 0),
(1060, 9, 711, 16, 0),
(1061, 9, 851, 17, 0),
(1062, 9, 826, 18, 0),
(1063, 10, 124, 1, 1),
(1064, 10, 297, 2, 1),
(1065, 10, 293, 3, 1),
(1066, 10, 358, 4, 2),
(1067, 10, 577, 5, 1),
(1068, 10, 587, 6, 1),
(1069, 10, 556, 7, 1),
(1070, 10, 687, 8, 0),
(1071, 10, 878, 9, 1),
(1072, 10, 879, 10, 0),
(1073, 10, 906, 11, 1),
(1074, 10, 105, 12, 0),
(1075, 10, 233, 13, 0),
(1076, 10, 277, 14, 0),
(1077, 10, 567, 15, 1),
(1078, 10, 560, 16, 0),
(1079, 10, 829, 17, 1),
(1080, 10, 801, 18, 0),
(1081, 11, 135, 1, 1),
(1082, 11, 201, 2, 1),
(1083, 11, 236, 3, 2),
(1084, 11, 241, 4, 0),
(1085, 11, 519, 5, 1),
(1086, 11, 621, 6, 1),
(1087, 11, 607, 7, 1),
(1088, 11, 595, 8, 1),
(1089, 11, 840, 9, 1),
(1090, 11, 863, 10, 1),
(1091, 11, 827, 11, 1),
(1092, 11, 138, 12, 0),
(1093, 11, 351, 13, 1),
(1094, 11, 334, 14, 0),
(1095, 11, 614, 15, 0),
(1096, 11, 688, 16, 0),
(1097, 11, 865, 17, 0),
(1098, 11, 856, 18, 0),
(1099, 12, 118, 1, 1),
(1100, 12, 227, 2, 2),
(1101, 12, 338, 3, 0),
(1102, 12, 226, 4, 0),
(1103, 12, 576, 5, 1),
(1104, 12, 547, 6, 1),
(1105, 12, 569, 7, 1),
(1106, 12, 692, 8, 1),
(1107, 12, 904, 9, 1),
(1108, 12, 838, 10, 1),
(1109, 12, 872, 11, 1),
(1110, 12, 148, 12, 0),
(1111, 12, 374, 13, 1),
(1112, 12, 291, 14, 1),
(1113, 12, 506, 15, 0),
(1114, 12, 538, 16, 0),
(1115, 12, 834, 17, 0),
(1116, 12, 837, 18, 0),
(1117, 13, 101, 1, 1),
(1118, 13, 208, 2, 2),
(1119, 13, 249, 3, 1),
(1120, 13, 214, 4, 1),
(1121, 13, 511, 5, 1),
(1122, 13, 683, 6, 0),
(1123, 13, 528, 7, 1),
(1124, 13, 541, 8, 1),
(1125, 13, 828, 9, 1),
(1126, 13, 864, 10, 1),
(1127, 13, 909, 11, 1),
(1128, 13, 126, 12, 0),
(1129, 13, 223, 13, 0),
(1130, 13, 344, 14, 0),
(1131, 13, 627, 15, 1),
(1132, 13, 554, 16, 0),
(1133, 13, 830, 17, 0),
(1134, 13, 873, 18, 0),
(1135, 14, 134, 1, 1),
(1136, 14, 338, 2, 2),
(1137, 14, 374, 3, 1),
(1138, 14, 226, 4, 1),
(1139, 14, 576, 5, 1),
(1140, 14, 547, 6, 1),
(1141, 14, 569, 7, 1),
(1142, 14, 692, 8, 1),
(1143, 14, 838, 9, 1),
(1144, 14, 904, 10, 1),
(1145, 14, 834, 11, 1),
(1146, 14, 118, 12, 0),
(1147, 14, 203, 13, 0),
(1148, 14, 261, 14, 0),
(1149, 14, 717, 15, 0),
(1150, 14, 538, 16, 0),
(1151, 14, 918, 17, 0),
(1152, 14, 872, 18, 0),
(1153, 15, 147, 1, 1),
(1154, 15, 290, 2, 2),
(1155, 15, 265, 3, 1),
(1156, 15, 346, 4, 1),
(1157, 15, 695, 5, 0),
(1158, 15, 517, 6, 1),
(1159, 15, 664, 7, 0),
(1160, 15, 534, 8, 1),
(1161, 15, 868, 9, 1),
(1162, 15, 820, 10, 1),
(1163, 15, 855, 11, 1),
(1164, 15, 102, 12, 0),
(1165, 15, 250, 13, 0),
(1166, 15, 253, 14, 0),
(1167, 15, 696, 15, 1),
(1168, 15, 503, 16, 1),
(1169, 15, 881, 17, 0),
(1170, 15, 835, 18, 0),
(1171, 23, 127, 1, 1),
(1172, 23, 364, 2, 2),
(1173, 23, 217, 3, 1),
(1174, 23, 301, 4, 1),
(1175, 23, 582, 5, 1),
(1176, 23, 600, 6, 1),
(1177, 23, 673, 7, 1),
(1178, 23, 636, 8, 1),
(1179, 23, 811, 9, 0),
(1180, 23, 869, 10, 1),
(1181, 23, 815, 11, 1),
(1182, 23, 108, 12, 0),
(1183, 23, 353, 13, 0),
(1184, 23, 299, 14, 0),
(1185, 23, 526, 15, 0),
(1186, 23, 596, 16, 0),
(1187, 23, 883, 17, 1),
(1188, 23, 884, 18, 0),
(1189, 24, 114, 1, 1),
(1190, 24, 231, 2, 1),
(1191, 24, 224, 3, 2),
(1192, 24, 216, 4, 1),
(1193, 24, 544, 5, 1),
(1194, 24, 590, 6, 0),
(1195, 24, 648, 7, 1),
(1196, 24, 646, 8, 1),
(1197, 24, 824, 9, 1),
(1198, 24, 901, 10, 1),
(1199, 24, 851, 11, 1),
(1200, 24, 149, 12, 0),
(1201, 24, 311, 13, 0),
(1202, 24, 209, 14, 0),
(1203, 24, 605, 15, 1),
(1204, 24, 711, 16, 0),
(1205, 24, 809, 17, 0),
(1206, 24, 814, 18, 0),
(1207, 25, 128, 1, 1),
(1208, 25, 294, 2, 1),
(1209, 25, 323, 3, 2),
(1210, 25, 245, 4, 1),
(1211, 25, 580, 5, 1),
(1212, 25, 581, 6, 1),
(1213, 25, 603, 7, 1),
(1214, 25, 522, 8, 1),
(1215, 25, 818, 9, 1),
(1216, 25, 844, 10, 1),
(1217, 25, 860, 11, 1),
(1218, 25, 106, 12, 0),
(1219, 25, 306, 13, 0),
(1220, 25, 266, 14, 0),
(1221, 25, 509, 15, 0),
(1222, 25, 633, 16, 0),
(1223, 25, 861, 17, 0),
(1224, 25, 825, 18, 0),
(1225, 26, 102, 1, 1),
(1226, 26, 253, 2, 1),
(1227, 26, 265, 3, 2),
(1228, 26, 258, 4, 1),
(1229, 26, 695, 5, 1),
(1230, 26, 534, 6, 1),
(1231, 26, 696, 7, 1),
(1232, 26, 503, 8, 0),
(1233, 26, 915, 9, 1),
(1234, 26, 820, 10, 1),
(1235, 26, 868, 11, 1),
(1236, 26, 147, 12, 0),
(1237, 26, 346, 13, 0),
(1238, 26, 260, 14, 0),
(1239, 26, 664, 15, 1),
(1240, 26, 592, 16, 0),
(1241, 26, 855, 17, 0),
(1242, 26, 881, 18, 0),
(1243, 27, 135, 1, 1),
(1244, 27, 240, 2, 1),
(1245, 27, 351, 3, 2),
(1246, 27, 236, 4, 1),
(1247, 27, 621, 5, 1),
(1248, 27, 607, 6, 1),
(1249, 27, 595, 7, 0),
(1250, 27, 654, 8, 1),
(1251, 27, 840, 9, 1),
(1252, 27, 863, 10, 1),
(1253, 27, 827, 11, 1),
(1254, 27, 138, 12, 0),
(1255, 27, 201, 13, 0),
(1256, 27, 334, 14, 0),
(1257, 27, 537, 15, 1),
(1258, 27, 688, 16, 0),
(1259, 27, 865, 17, 0),
(1260, 27, 856, 18, 0),
(1261, 28, 101, 1, 1),
(1262, 28, 223, 2, 1),
(1263, 28, 249, 3, 2),
(1264, 28, 214, 4, 1),
(1265, 28, 511, 5, 1),
(1266, 28, 686, 6, 1),
(1267, 28, 528, 7, 1),
(1268, 28, 541, 8, 1),
(1269, 28, 828, 9, 1),
(1270, 28, 864, 10, 1),
(1271, 28, 830, 11, 1),
(1272, 28, 126, 12, 0),
(1273, 28, 344, 13, 0),
(1274, 28, 208, 14, 0),
(1275, 28, 683, 15, 0),
(1276, 28, 627, 16, 0),
(1277, 28, 909, 17, 0),
(1278, 28, 873, 18, 0),
(1279, 29, 105, 1, 1),
(1280, 29, 297, 2, 1),
(1281, 29, 358, 3, 2),
(1282, 29, 233, 4, 1),
(1283, 29, 293, 5, 1),
(1284, 29, 577, 6, 1),
(1285, 29, 587, 7, 1),
(1286, 29, 567, 8, 1),
(1287, 29, 878, 9, 1),
(1288, 29, 879, 10, 0),
(1289, 29, 829, 11, 1),
(1290, 29, 121, 12, 0),
(1291, 29, 277, 13, 0),
(1292, 29, 342, 14, 0),
(1293, 29, 556, 15, 0),
(1294, 29, 687, 16, 0),
(1295, 29, 906, 17, 1),
(1296, 29, 801, 18, 0),
(1297, 30, 128, 1, 1),
(1298, 30, 294, 2, 1),
(1299, 30, 323, 3, 2),
(1300, 30, 245, 4, 1),
(1301, 30, 580, 5, 0),
(1302, 30, 581, 6, 1),
(1303, 30, 603, 7, 1),
(1304, 30, 522, 8, 1),
(1305, 30, 818, 9, 1),
(1306, 30, 844, 10, 1),
(1307, 30, 860, 11, 1),
(1308, 30, 106, 12, 0),
(1309, 30, 306, 13, 0),
(1310, 30, 266, 14, 0),
(1311, 30, 509, 15, 1),
(1312, 30, 633, 16, 0),
(1313, 30, 861, 17, 0),
(1314, 30, 825, 18, 0),
(1315, 31, 114, 1, 1),
(1316, 31, 231, 2, 1),
(1317, 31, 379, 3, 2),
(1318, 31, 216, 4, 1),
(1319, 31, 640, 5, 1),
(1320, 31, 544, 6, 1),
(1321, 31, 648, 7, 1),
(1322, 31, 590, 8, 1),
(1323, 31, 824, 9, 1),
(1324, 31, 851, 10, 1),
(1325, 31, 901, 11, 1),
(1326, 31, 149, 12, 0),
(1327, 31, 209, 13, 0),
(1328, 31, 288, 14, 0),
(1329, 31, 711, 15, 0),
(1330, 31, 646, 16, 0),
(1331, 31, 809, 17, 0),
(1332, 31, 814, 18, 0);

-- --------------------------------------------------------

--
-- Struttura della tabella `selezione`
--

CREATE TABLE IF NOT EXISTS `selezione` (
  `id` int(11) NOT NULL AUTO_INCREMENT,
  `idLega` int(11) NOT NULL,
  `idUtente` int(11) NOT NULL,
  `idGiocatoreOld` int(11) NOT NULL,
  `idGiocatoreNew` int(11) NOT NULL,
  `numSelezioni` tinyint(4) NOT NULL,
  PRIMARY KEY (`id`),
  KEY `giocOld` (`idGiocatoreOld`),
  KEY `giocNew` (`idGiocatoreNew`),
  KEY `idLega` (`idLega`),
  KEY `idUtente` (`idUtente`)
) ENGINE=InnoDB DEFAULT CHARSET=utf8 COLLATE=utf8_unicode_ci AUTO_INCREMENT=1 ;

-- --------------------------------------------------------

--
-- Struttura della tabella `squadra`
--

CREATE TABLE IF NOT EXISTS `squadra` (
  `idLega` int(11) NOT NULL,
  `idUtente` int(11) NOT NULL,
  `idGiocatore` int(11) NOT NULL,
  PRIMARY KEY (`idLega`,`idUtente`,`idGiocatore`),
  KEY `idUtente` (`idUtente`),
  KEY `idGioc` (`idGiocatore`)
) ENGINE=InnoDB DEFAULT CHARSET=utf8 COLLATE=utf8_unicode_ci;

--
-- Dump dei dati per la tabella `squadra`
--

INSERT INTO `squadra` (`idLega`, `idUtente`, `idGiocatore`) VALUES
(1, 1, 108),
(1, 1, 112),
(1, 1, 127),
(1, 1, 217),
(1, 1, 235),
(1, 1, 299),
(1, 1, 301),
(1, 1, 320),
(1, 1, 353),
(1, 1, 364),
(1, 1, 368),
(1, 1, 526),
(1, 1, 539),
(1, 1, 558),
(1, 1, 582),
(1, 1, 596),
(1, 1, 600),
(1, 1, 636),
(1, 1, 673),
(1, 1, 811),
(1, 1, 815),
(1, 1, 846),
(1, 1, 869),
(1, 1, 883),
(1, 1, 884),
(1, 2, 101),
(1, 2, 104),
(1, 2, 126),
(1, 2, 208),
(1, 2, 214),
(1, 2, 223),
(1, 2, 249),
(1, 2, 257),
(1, 2, 304),
(1, 2, 309),
(1, 2, 344),
(1, 2, 511),
(1, 2, 528),
(1, 2, 541),
(1, 2, 627),
(1, 2, 637),
(1, 2, 679),
(1, 2, 683),
(1, 2, 686),
(1, 2, 828),
(1, 2, 830),
(1, 2, 864),
(1, 2, 873),
(1, 2, 880),
(1, 2, 909),
(1, 3, 114),
(1, 3, 129),
(1, 3, 149),
(1, 3, 209),
(1, 3, 216),
(1, 3, 224),
(1, 3, 231),
(1, 3, 311),
(1, 3, 326),
(1, 3, 336),
(1, 3, 379),
(1, 3, 544),
(1, 3, 590),
(1, 3, 594),
(1, 3, 640),
(1, 3, 646),
(1, 3, 648),
(1, 3, 674),
(1, 3, 711),
(1, 3, 809),
(1, 3, 814),
(1, 3, 824),
(1, 3, 826),
(1, 3, 851),
(1, 3, 901),
(1, 4, 106),
(1, 4, 116),
(1, 4, 128),
(1, 4, 245),
(1, 4, 266),
(1, 4, 292),
(1, 4, 294),
(1, 4, 306),
(1, 4, 323),
(1, 4, 356),
(1, 4, 372),
(1, 4, 504),
(1, 4, 509),
(1, 4, 522),
(1, 4, 535),
(1, 4, 580),
(1, 4, 581),
(1, 4, 603),
(1, 4, 633),
(1, 4, 818),
(1, 4, 825),
(1, 4, 836),
(1, 4, 844),
(1, 4, 860),
(1, 4, 861),
(1, 5, 118),
(1, 5, 134),
(1, 5, 148),
(1, 5, 203),
(1, 5, 226),
(1, 5, 227),
(1, 5, 261),
(1, 5, 291),
(1, 5, 338),
(1, 5, 362),
(1, 5, 374),
(1, 5, 506),
(1, 5, 514),
(1, 5, 538),
(1, 5, 547),
(1, 5, 569),
(1, 5, 576),
(1, 5, 692),
(1, 5, 717),
(1, 5, 834),
(1, 5, 837),
(1, 5, 838),
(1, 5, 872),
(1, 5, 904),
(1, 5, 918),
(1, 6, 135),
(1, 6, 138),
(1, 6, 145),
(1, 6, 201),
(1, 6, 236),
(1, 6, 240),
(1, 6, 241),
(1, 6, 268),
(1, 6, 334),
(1, 6, 349),
(1, 6, 351),
(1, 6, 519),
(1, 6, 537),
(1, 6, 595),
(1, 6, 607),
(1, 6, 614),
(1, 6, 621),
(1, 6, 654),
(1, 6, 688),
(1, 6, 827),
(1, 6, 840),
(1, 6, 862),
(1, 6, 863),
(1, 6, 865),
(1, 6, 888),
(1, 7, 102),
(1, 7, 113),
(1, 7, 147),
(1, 7, 250),
(1, 7, 253),
(1, 7, 256),
(1, 7, 258),
(1, 7, 260),
(1, 7, 265),
(1, 7, 290),
(1, 7, 346),
(1, 7, 503),
(1, 7, 517),
(1, 7, 534),
(1, 7, 592),
(1, 7, 664),
(1, 7, 695),
(1, 7, 696),
(1, 7, 708),
(1, 7, 820),
(1, 7, 855),
(1, 7, 868),
(1, 7, 881),
(1, 7, 882),
(1, 7, 915),
(1, 8, 105),
(1, 8, 121),
(1, 8, 124),
(1, 8, 206),
(1, 8, 233),
(1, 8, 277),
(1, 8, 293),
(1, 8, 297),
(1, 8, 300),
(1, 8, 342),
(1, 8, 358),
(1, 8, 505),
(1, 8, 556),
(1, 8, 560),
(1, 8, 567),
(1, 8, 577),
(1, 8, 587),
(1, 8, 598),
(1, 8, 687),
(1, 8, 801),
(1, 8, 829),
(1, 8, 878),
(1, 8, 879),
(1, 8, 897),
(1, 8, 906);

-- --------------------------------------------------------

--
-- Struttura della tabella `trasferimento`
--

CREATE TABLE IF NOT EXISTS `trasferimento` (
  `id` int(10) NOT NULL AUTO_INCREMENT,
  `idGiocatoreOld` int(11) DEFAULT NULL,
  `idGiocatoreNew` int(11) DEFAULT NULL,
  `idUtente` int(11) NOT NULL,
  `idGiornata` int(11) NOT NULL,
  `obbligato` tinyint(1) NOT NULL,
  PRIMARY KEY (`id`),
  KEY `IdGiocOld` (`idGiocatoreOld`),
  KEY `IdGiocNew` (`idGiocatoreNew`),
  KEY `idSquadra` (`idUtente`),
  KEY `idGiornata` (`idGiornata`)
) ENGINE=InnoDB  DEFAULT CHARSET=utf8 COLLATE=utf8_unicode_ci AUTO_INCREMENT=25 ;

--
-- Dump dei dati per la tabella `trasferimento`
--

INSERT INTO `trasferimento` (`id`, `idGiocatoreOld`, `idGiocatoreNew`, `idUtente`, `idGiornata`, `obbligato`) VALUES
(1, 684, 711, 3, 2, 0),
(2, 366, 379, 3, 2, 0),
(3, 803, 834, 5, 2, 0),
(4, 839, 918, 5, 2, 0),
(5, 515, 717, 5, 2, 0),
(6, 229, 374, 5, 2, 0),
(7, 849, 909, 2, 2, 0),
(8, 835, 915, 7, 3, 0),
(9, 822, 811, 1, 3, 0),
(11, 681, 708, 7, 3, 0),
(12, 605, 640, 3, 4, 0),
(13, 527, 505, 8, 4, 0),
(20, 655, 558, 1, 5, 0),
(21, 554, 637, 2, 5, 0),
(22, 288, 326, 3, 5, 0),
(23, 307, 362, 5, 5, 0),
(24, 856, 862, 6, 5, 0);

-- --------------------------------------------------------

--
-- Struttura della tabella `utente`
--

CREATE TABLE IF NOT EXISTS `utente` (
  `id` int(11) NOT NULL AUTO_INCREMENT,
  `nomeSquadra` varchar(64) COLLATE utf8_unicode_ci NOT NULL,
  `nome` varchar(32) COLLATE utf8_unicode_ci DEFAULT NULL,
  `cognome` varchar(32) COLLATE utf8_unicode_ci DEFAULT NULL,
  `email` varchar(32) COLLATE utf8_unicode_ci DEFAULT NULL,
  `abilitaMail` tinyint(1) NOT NULL DEFAULT '1',
  `username` varchar(15) COLLATE utf8_unicode_ci NOT NULL,
  `password` varchar(35) COLLATE utf8_unicode_ci NOT NULL,
  `amministratore` tinyint(1) NOT NULL,
  `idLega` int(11) NOT NULL,
  PRIMARY KEY (`id`),
  KEY `idLega` (`idLega`)
) ENGINE=InnoDB  DEFAULT CHARSET=utf8 COLLATE=utf8_unicode_ci AUTO_INCREMENT=17 ;

--
-- Dump dei dati per la tabella `utente`
--

INSERT INTO `utente` (`id`, `nomeSquadra`, `nome`, `cognome`, `email`, `abilitaMail`, `username`, `password`, `amministratore`, `idLega`) VALUES
(1, 'Not Ready To Die', 'Milo', 'Azuki', 'francesco.bertocchi@gmail.com', 1, 'ThoMasTurbat', '67dc4a2e143cd618d496d58af9a07c59', 2, 1),
(2, 'Bronchispögna FC', 'Stefano', 'Sonzogni', 'stefano788@gmail.com', 1, 'Fiste788', '08b5411f848a2581a41672a759c87380', 2, 1),
(3, 'Cicciciciacciacia F.C..', 'Riccardo', 'Zambelli', 'bornintheusa@hotmail.it', 1, 'riki', 'fb1ad6b24e67a920c26b13f004e1232f', 0, 1),
(4, 'Barcollo Ma Non Mollo', 'Patrick', 'Skeggia', 'rossi.patrick@gmail.com', 1, 'reds10', '1e48c4420b7073bc11916c6c1de226bb', 0, 1),
(5, 'Libidine Assicurata', 'Calogero', 'Calà', 'giosuegatti@alice.it', 1, 'gio', 'dc1d252540c77435ae6d4d9090df0a85', 0, 1),
(6, 'Vasco team', 'Mirko', 'Austoni', 'waschetto@hotmail.it', 1, 'austo', 'a40ecdc86e45a0b48b41cef757f47b4b', 0, 1),
(7, 'SbrodolaniSalotti', 'Andrea', 'Ghilardi', 'ped1291@hotmail.it', 1, 'ghilo', '179524cec1a4c8333b631534b929050b', 0, 1),
(8, 'Scioperiamo', 'Andrea', 'Gutierrez', 'cirusguti@hotmail.it', 1, 'guti', '442ecda3aaf3ce806b6245a4ab7f58c0', 0, 1),
(10, 'i greggi incalliti', 'luca', 'radici', 'calu_93@hotmail.it', 1, 'budel93', '9d68edb3a129aa5dc7cd60d3b1e879f6', 1, 2),
(11, 'bebo 4 president', 'marco', 'pacchiana', 'uvaman94@live.it', 1, 'uvaiolo', '827ccb0eea8a706c4c34a16891f84e7b', 0, 2),
(12, 'Beboooo', 'andrea', 'piccoli', 'and1.94@hotmail.it', 1, 'pitch', 'af076e227e4093a0000b1dfca6cad0c1', 0, 2),
(14, 'cioker ciups', 'alessandro', 'cortesi', 'cio93.10@hotmail.it', 1, 'cioker', '3310ef8c3b3f3f6663f4b5da3acba696', 0, 2),
(15, 'rosales', 'Alex', 'Rossi', 'rossi.alex.10@gmail.com', 1, 'redsalex', '5a8b74f294f1ba077d9baa5997bc2688', 0, 2),
(16, 'giaby team', 'Gianpaolo', 'arrigoni', 'giampi.94@hotmail.it', 1, 'giaby', '153547d40c4320a3f7bb11f3435d2d49', 1, 2);

-- --------------------------------------------------------

--
-- Struttura stand-in per le viste `view_0_formazionestatistiche`
--
CREATE TABLE IF NOT EXISTS `view_0_formazionestatistiche` (
`idFormazione` int(11)
,`posizione` int(11)
,`idUtente` int(11)
,`considerato` tinyint(1)
,`nome` varchar(30)
,`ruolo` char(1)
,`cognome` varchar(30)
,`idGiocatore` int(11)
,`idGiornata` int(11)
,`valutato` tinyint(1)
,`punti` float
,`voto` float
,`gol` tinyint(4)
,`golSubiti` tinyint(4)
,`golVittoria` tinyint(4)
,`golPareggio` tinyint(4)
,`assist` tinyint(4)
,`ammonizioni` tinyint(4)
,`espulsioni` tinyint(4)
,`rigoriSegnati` tinyint(4)
,`rigoriSubiti` tinyint(4)
,`presenza` tinyint(1)
,`titolare` tinyint(1)
,`quotazione` tinyint(4)
,`id` int(11)
,`nomeClub` varchar(15)
);
-- --------------------------------------------------------

--
-- Struttura stand-in per le viste `view_0_giocatoristatistiche`
--
CREATE TABLE IF NOT EXISTS `view_0_giocatoristatistiche` (
`id` int(11)
,`nome` varchar(30)
,`cognome` varchar(30)
,`ruolo` char(1)
,`idClub` int(11)
,`status` tinyint(1)
,`nomeClub` varchar(15)
,`presenze` decimal(22,0)
,`presenzeVoto` decimal(22,0)
,`avgPunti` double(19,2)
,`avgVoti` double(19,2)
,`gol` decimal(25,0)
,`golSubiti` decimal(25,0)
,`assist` decimal(25,0)
,`ammonizioni` decimal(25,0)
,`espulsioni` decimal(25,0)
,`quotazione` tinyint(4)
,`idUtente` int(11)
);
-- --------------------------------------------------------

--
-- Struttura stand-in per le viste `view_0_punteggisenzajolly`
--
CREATE TABLE IF NOT EXISTS `view_0_punteggisenzajolly` (
`idLega` int(11)
,`idutente` int(11)
,`idGiornata` int(11)
,`punteggio` double
,`jolly` tinyint(1)
);
-- --------------------------------------------------------

--
-- Struttura stand-in per le viste `view_1_clubstatistiche`
--
CREATE TABLE IF NOT EXISTS `view_1_clubstatistiche` (
`id` int(11)
,`nome` varchar(15)
,`partitivo` varchar(10)
,`determinativo` varchar(3)
,`totaleGol` decimal(47,0)
,`totaleGolSubiti` decimal(47,0)
,`totaleAssist` decimal(47,0)
,`totaleAmmonizioni` decimal(47,0)
,`totaleEspulsioni` decimal(47,0)
,`avgPunti` double(19,2)
,`avgVoti` double(19,2)
);
-- --------------------------------------------------------

--
-- Struttura stand-in per le viste `view_1_punteggimassimi`
--
CREATE TABLE IF NOT EXISTS `view_1_punteggimassimi` (
`idLega` int(11)
,`idGiornata` int(11)
,`punteggio` double
);
-- --------------------------------------------------------

--
-- Struttura stand-in per le viste `view_2_giornatevinte`
--
CREATE TABLE IF NOT EXISTS `view_2_giornatevinte` (
`idUtente` int(11)
,`giornateVinte` bigint(21)
);
-- --------------------------------------------------------

--
-- Struttura stand-in per le viste `view_3_squadrastatistiche`
--
CREATE TABLE IF NOT EXISTS `view_3_squadrastatistiche` (
`id` int(11)
,`nomeSquadra` varchar(64)
,`nome` varchar(32)
,`cognome` varchar(32)
,`email` varchar(32)
,`abilitaMail` tinyint(1)
,`username` varchar(15)
,`password` varchar(35)
,`amministratore` tinyint(1)
,`idLega` int(11)
,`totaleGol` decimal(47,0)
,`totaleGolSubiti` decimal(47,0)
,`totaleAssist` decimal(47,0)
,`totaleAmmonizioni` decimal(47,0)
,`totaleEspulsioni` decimal(47,0)
,`avgPunti` double(19,2)
,`avgVoti` double(19,2)
,`punteggioMax` float
,`punteggioMin` double
,`punteggioMed` double(19,2)
,`giornateVinte` bigint(21)
);
-- --------------------------------------------------------

--
-- Struttura della tabella `voto`
--

CREATE TABLE IF NOT EXISTS `voto` (
  `id` int(11) NOT NULL AUTO_INCREMENT,
  `idGiocatore` int(11) NOT NULL,
  `idGiornata` int(11) NOT NULL,
  `valutato` tinyint(1) NOT NULL,
  `punti` float NOT NULL,
  `voto` float NOT NULL,
  `gol` tinyint(4) NOT NULL,
  `golSubiti` tinyint(4) NOT NULL,
  `golVittoria` tinyint(4) NOT NULL,
  `golPareggio` tinyint(4) NOT NULL,
  `assist` tinyint(4) NOT NULL,
  `ammonizioni` tinyint(4) NOT NULL,
  `espulsioni` tinyint(4) NOT NULL,
  `rigoriSegnati` tinyint(4) NOT NULL,
  `rigoriSubiti` tinyint(4) NOT NULL,
  `presenza` tinyint(1) NOT NULL,
  `titolare` tinyint(1) NOT NULL,
  `quotazione` tinyint(4) NOT NULL,
  PRIMARY KEY (`id`),
  UNIQUE KEY `idGiocatore` (`idGiocatore`,`idGiornata`),
  KEY `idGiocatore_2` (`idGiocatore`),
  KEY `idGiornata` (`idGiornata`)
) ENGINE=InnoDB  DEFAULT CHARSET=utf8 COLLATE=utf8_unicode_ci AUTO_INCREMENT=1571 ;

--
-- Dump dei dati per la tabella `voto`
--

INSERT INTO `voto` (`id`, `idGiocatore`, `idGiornata`, `valutato`, `punti`, `voto`, `gol`, `golSubiti`, `golVittoria`, `golPareggio`, `assist`, `ammonizioni`, `espulsioni`, `rigoriSegnati`, `rigoriSubiti`, `presenza`, `titolare`, `quotazione`) VALUES
(1, 101, 2, 1, 4, 6, 0, 2, 0, 0, 0, 0, 0, 0, 0, 1, 1, 16),
(2, 101, 3, 1, 2.5, 5.5, 0, 3, 0, 0, 0, 0, 0, 0, 0, 1, 1, 15),
(3, 101, 4, 1, 5, 6, 0, 1, 0, 0, 0, 0, 0, 0, 0, 1, 1, 15),
(4, 102, 2, 1, 5.5, 7, 0, 1, 0, 0, 0, 1, 0, 0, 0, 1, 1, 11),
(5, 102, 3, 1, 5, 6, 0, 1, 0, 0, 0, 0, 0, 0, 0, 1, 1, 11),
(6, 102, 4, 1, 2, 5, 0, 3, 0, 0, 0, 0, 0, 0, 0, 1, 1, 10),
(7, 103, 2, 0, 0, 0, 0, 0, 0, 0, 0, 0, 0, 0, 0, 0, 0, 1),
(8, 103, 3, 0, 0, 0, 0, 0, 0, 0, 0, 0, 0, 0, 0, 0, 0, 1),
(9, 103, 4, 0, 0, 0, 0, 0, 0, 0, 0, 0, 0, 0, 0, 0, 0, 1),
(10, 104, 2, 0, 0, 0, 0, 0, 0, 0, 0, 0, 0, 0, 0, 0, 0, 2),
(11, 104, 3, 0, 0, 0, 0, 0, 0, 0, 0, 0, 0, 0, 0, 0, 0, 2),
(12, 104, 4, 0, 0, 0, 0, 0, 0, 0, 0, 0, 0, 0, 0, 0, 0, 2),
(13, 105, 2, 1, 6, 6, 0, 0, 0, 0, 0, 0, 0, 0, 0, 1, 1, 11),
(14, 105, 3, 1, 6, 6, 0, 0, 0, 0, 0, 0, 0, 0, 0, 1, 1, 12),
(15, 105, 4, 1, 3.5, 6.5, 0, 3, 0, 0, 0, 0, 0, 0, 0, 1, 1, 12),
(16, 106, 2, 0, 0, 0, 0, 0, 0, 0, 0, 0, 0, 0, 0, 0, 0, 10),
(17, 106, 3, 0, 0, 0, 0, 0, 0, 0, 0, 0, 0, 0, 0, 0, 0, 10),
(18, 106, 4, 0, 0, 0, 0, 0, 0, 0, 0, 0, 0, 0, 0, 0, 0, 9),
(19, 107, 2, 0, 0, 0, 0, 0, 0, 0, 0, 0, 0, 0, 0, 0, 0, 1),
(20, 107, 3, 0, 0, 0, 0, 0, 0, 0, 0, 0, 0, 0, 0, 0, 0, 1),
(21, 107, 4, 0, 0, 0, 0, 0, 0, 0, 0, 0, 0, 0, 0, 0, 0, 1),
(22, 108, 2, 0, 0, 0, 0, 0, 0, 0, 0, 0, 0, 0, 0, 0, 0, 1),
(23, 108, 3, 0, 0, 0, 0, 0, 0, 0, 0, 0, 0, 0, 0, 0, 0, 1),
(24, 108, 4, 0, 0, 0, 0, 0, 0, 0, 0, 0, 0, 0, 0, 0, 0, 1),
(25, 109, 2, 0, 0, 0, 0, 0, 0, 0, 0, 0, 0, 0, 0, 0, 0, 1),
(26, 109, 3, 0, 0, 0, 0, 0, 0, 0, 0, 0, 0, 0, 0, 0, 0, 1),
(27, 109, 4, 0, 0, 0, 0, 0, 0, 0, 0, 0, 0, 0, 0, 0, 0, 1),
(28, 110, 2, 0, 0, 0, 0, 0, 0, 0, 0, 0, 0, 0, 0, 0, 0, 1),
(29, 110, 3, 0, 0, 0, 0, 0, 0, 0, 0, 0, 0, 0, 0, 0, 0, 1),
(30, 110, 4, 0, 0, 0, 0, 0, 0, 0, 0, 0, 0, 0, 0, 0, 0, 1),
(31, 111, 2, 1, 4, 6, 0, 2, 0, 0, 0, 0, 0, 0, 0, 1, 1, 1),
(32, 111, 3, 0, 0, 0, 0, 0, 0, 0, 0, 0, 0, 0, 0, 0, 0, 1),
(33, 111, 4, 0, 0, 0, 0, 0, 0, 0, 0, 0, 0, 0, 0, 0, 0, 1),
(34, 112, 2, 1, 6, 6, 0, 0, 0, 0, 0, 0, 0, 0, 0, 1, 1, 12),
(35, 112, 3, 1, 4, 6, 0, 2, 0, 0, 0, 0, 0, 0, 1, 1, 1, 12),
(36, 112, 4, 1, 6, 6, 0, 0, 0, 0, 0, 0, 0, 0, 0, 1, 1, 13),
(37, 113, 2, 1, 6, 6, 0, 0, 0, 0, 0, 0, 0, 0, 0, 1, 1, 10),
(38, 113, 3, 1, 5, 6, 0, 1, 0, 0, 0, 0, 0, 0, 0, 1, 1, 11),
(39, 113, 4, 1, 5, 6, 0, 1, 0, 0, 0, 0, 0, 0, 0, 1, 1, 11),
(40, 114, 2, 1, 5, 6, 0, 1, 0, 0, 0, 0, 0, 0, 1, 1, 1, 13),
(41, 114, 3, 1, 6, 6, 0, 0, 0, 0, 0, 0, 0, 0, 0, 1, 1, 14),
(42, 114, 4, 1, 5.5, 6.5, 0, 1, 0, 0, 0, 0, 0, 0, 0, 1, 1, 15),
(43, 115, 2, 0, 0, 0, 0, 0, 0, 0, 0, 0, 0, 0, 0, 0, 0, 2),
(44, 115, 3, 0, 0, 0, 0, 0, 0, 0, 0, 0, 0, 0, 0, 0, 0, 2),
(45, 115, 4, 0, 0, 0, 0, 0, 0, 0, 0, 0, 0, 0, 0, 0, 0, 2),
(46, 116, 2, 0, 0, 0, 0, 0, 0, 0, 0, 0, 0, 0, 0, 0, 0, 1),
(47, 116, 3, 0, 0, 0, 0, 0, 0, 0, 0, 0, 0, 0, 0, 0, 0, 1),
(48, 116, 4, 0, 0, 0, 0, 0, 0, 0, 0, 0, 0, 0, 0, 0, 0, 1),
(49, 117, 2, 0, 0, 0, 0, 0, 0, 0, 0, 0, 0, 0, 0, 0, 0, 1),
(50, 117, 3, 0, 0, 0, 0, 0, 0, 0, 0, 0, 0, 0, 0, 0, 0, 1),
(51, 117, 4, 0, 0, 0, 0, 0, 0, 0, 0, 0, 0, 0, 0, 0, 0, 1),
(52, 118, 2, 1, 4.5, 6.5, 0, 2, 0, 0, 0, 0, 0, 0, 0, 1, 1, 9),
(53, 118, 3, 1, 5.5, 0, 0, 0, 0, 0, 0, 1, 0, 0, 0, 1, 1, 10),
(54, 118, 4, 1, 5, 6, 0, 1, 0, 0, 0, 0, 0, 0, 0, 1, 1, 11),
(55, 119, 2, 0, 0, 0, 0, 0, 0, 0, 0, 0, 0, 0, 0, 0, 0, 1),
(56, 119, 3, 0, 0, 0, 0, 0, 0, 0, 0, 0, 0, 0, 0, 0, 0, 1),
(57, 119, 4, 0, 0, 0, 0, 0, 0, 0, 0, 0, 0, 0, 0, 0, 0, 1),
(58, 120, 2, 0, 0, 0, 0, 0, 0, 0, 0, 0, 0, 0, 0, 0, 0, 1),
(59, 120, 3, 0, 0, 0, 0, 0, 0, 0, 0, 0, 0, 0, 0, 0, 0, 1),
(60, 120, 4, 0, 0, 0, 0, 0, 0, 0, 0, 0, 0, 0, 0, 0, 0, 1),
(61, 121, 2, 1, 5.5, 6.5, 0, 1, 0, 0, 0, 0, 0, 0, 0, 1, 1, 15),
(62, 121, 3, 1, 5.5, 6.5, 0, 1, 0, 0, 0, 0, 0, 0, 0, 1, 1, 15),
(63, 121, 4, 1, 5.5, 6.5, 0, 1, 0, 0, 0, 0, 0, 0, 0, 1, 1, 16),
(64, 122, 2, 0, 0, 0, 0, 0, 0, 0, 0, 0, 0, 0, 0, 0, 0, 1),
(65, 122, 3, 0, 0, 0, 0, 0, 0, 0, 0, 0, 0, 0, 0, 0, 0, 1),
(66, 122, 4, 0, 0, 0, 0, 0, 0, 0, 0, 0, 0, 0, 0, 0, 0, 1),
(67, 123, 2, 0, 0, 0, 0, 0, 0, 0, 0, 0, 0, 0, 0, 0, 0, 1),
(68, 123, 3, 0, 0, 0, 0, 0, 0, 0, 0, 0, 0, 0, 0, 0, 0, 1),
(69, 123, 4, 0, 0, 0, 0, 0, 0, 0, 0, 0, 0, 0, 0, 0, 0, 1),
(70, 124, 2, 1, 4.5, 6.5, 0, 2, 0, 0, 0, 0, 0, 0, 0, 1, 1, 11),
(71, 124, 3, 1, 4.5, 6, 0, 1, 0, 0, 0, 1, 0, 0, 0, 1, 1, 11),
(72, 124, 4, 1, 6.5, 6.5, 0, 0, 0, 0, 0, 0, 0, 0, 0, 1, 1, 13),
(73, 125, 2, 0, 0, 0, 0, 0, 0, 0, 0, 0, 0, 0, 0, 0, 0, 1),
(74, 125, 3, 0, 0, 0, 0, 0, 0, 0, 0, 0, 0, 0, 0, 0, 0, 1),
(75, 125, 4, 1, 6, 6, 0, 0, 0, 0, 0, 0, 0, 0, 0, 1, 0, 1),
(76, 126, 2, 1, 4, 6, 0, 2, 0, 0, 0, 0, 0, 0, 0, 1, 1, 9),
(77, 126, 3, 1, 4.5, 6.5, 0, 2, 0, 0, 0, 0, 0, 0, 0, 1, 1, 9),
(78, 126, 4, 1, 6, 7, 0, 1, 0, 0, 0, 0, 0, 0, 0, 1, 1, 10),
(79, 127, 2, 1, 6.5, 6.5, 0, 0, 0, 0, 0, 0, 0, 0, 0, 1, 1, 14),
(80, 127, 3, 1, 6, 6, 0, 0, 0, 0, 0, 0, 0, 0, 0, 1, 1, 15),
(81, 127, 4, 1, 5.5, 6.5, 0, 1, 0, 0, 0, 0, 0, 0, 0, 1, 1, 15),
(82, 128, 2, 1, 0.5, 5, 0, 4, 0, 0, 0, 1, 0, 0, 0, 1, 1, 13),
(83, 128, 3, 1, 6.5, 6.5, 0, 0, 0, 0, 0, 0, 0, 0, 0, 1, 1, 14),
(84, 128, 4, 1, 2.5, 5.5, 0, 3, 0, 0, 0, 0, 0, 0, 1, 1, 1, 13),
(85, 129, 2, 1, 3.5, 5.5, 0, 2, 0, 0, 0, 0, 0, 0, 0, 1, 1, 9),
(86, 129, 3, 1, 6.5, 6.5, 0, 0, 0, 0, 0, 0, 0, 0, 0, 1, 1, 10),
(87, 129, 4, 1, 3, 5, 0, 2, 0, 0, 0, 0, 0, 0, 1, 1, 1, 10),
(88, 130, 2, 0, 0, 0, 0, 0, 0, 0, 0, 0, 0, 0, 0, 0, 0, 1),
(89, 130, 3, 0, 0, 0, 0, 0, 0, 0, 0, 0, 0, 0, 0, 0, 0, 1),
(90, 130, 4, 0, 0, 0, 0, 0, 0, 0, 0, 0, 0, 0, 0, 0, 0, 1),
(91, 131, 2, 0, 0, 0, 0, 0, 0, 0, 0, 0, 0, 0, 0, 0, 0, 1),
(92, 131, 3, 1, 6.5, 6.5, 0, 0, 0, 0, 0, 0, 0, 0, 0, 1, 0, 1),
(93, 131, 4, 1, 5, 6, 0, 1, 0, 0, 0, 0, 0, 0, 0, 1, 1, 1),
(94, 132, 2, 0, 0, 0, 0, 0, 0, 0, 0, 0, 0, 0, 0, 0, 0, 1),
(95, 132, 3, 0, 0, 0, 0, 0, 0, 0, 0, 0, 0, 0, 0, 0, 0, 1),
(96, 132, 4, 0, 0, 0, 0, 0, 0, 0, 0, 0, 0, 0, 0, 0, 0, 1),
(97, 133, 2, 0, 0, 0, 0, 0, 0, 0, 0, 0, 0, 0, 0, 0, 0, 1),
(98, 133, 3, 0, 0, 0, 0, 0, 0, 0, 0, 0, 0, 0, 0, 0, 0, 1),
(99, 133, 4, 0, 0, 0, 0, 0, 0, 0, 0, 0, 0, 0, 0, 0, 0, 1),
(100, 134, 2, 0, 0, 0, 0, 0, 0, 0, 0, 0, 0, 0, 0, 0, 0, 12),
(101, 134, 3, 1, 3.5, 5.5, 0, 2, 0, 0, 0, 0, 0, 0, 0, 1, 1, 12),
(102, 134, 4, 1, 5, 6, 0, 1, 0, 0, 0, 0, 0, 0, 0, 1, 1, 12),
(103, 135, 2, 1, 2, 6, 0, 4, 0, 0, 0, 0, 0, 0, 0, 1, 1, 9),
(104, 135, 3, 1, 5, 6, 0, 1, 0, 0, 0, 0, 0, 0, 0, 1, 1, 10),
(105, 135, 4, 1, 2.5, 5.5, 0, 3, 0, 0, 0, 0, 0, 0, 0, 1, 1, 9),
(106, 136, 2, 0, 0, 0, 0, 0, 0, 0, 0, 0, 0, 0, 0, 0, 0, 1),
(107, 136, 3, 0, 0, 0, 0, 0, 0, 0, 0, 0, 0, 0, 0, 0, 0, 1),
(108, 136, 4, 0, 0, 0, 0, 0, 0, 0, 0, 0, 0, 0, 0, 0, 0, 1),
(109, 137, 2, 0, 0, 0, 0, 0, 0, 0, 0, 0, 0, 0, 0, 0, 0, 1),
(110, 137, 3, 0, 0, 0, 0, 0, 0, 0, 0, 0, 0, 0, 0, 0, 0, 1),
(111, 137, 4, 0, 0, 0, 0, 0, 0, 0, 0, 0, 0, 0, 0, 0, 0, 1),
(112, 138, 2, 0, 0, 0, 0, 0, 0, 0, 0, 0, 0, 0, 0, 0, 0, 1),
(113, 138, 3, 0, 0, 0, 0, 0, 0, 0, 0, 0, 0, 0, 0, 0, 0, 1),
(114, 138, 4, 0, 0, 0, 0, 0, 0, 0, 0, 0, 0, 0, 0, 0, 0, 1),
(115, 139, 2, 0, 0, 0, 0, 0, 0, 0, 0, 0, 0, 0, 0, 0, 0, 1),
(116, 139, 3, 0, 0, 0, 0, 0, 0, 0, 0, 0, 0, 0, 0, 0, 0, 1),
(117, 139, 4, 0, 0, 0, 0, 0, 0, 0, 0, 0, 0, 0, 0, 0, 0, 1),
(118, 140, 2, 0, 0, 0, 0, 0, 0, 0, 0, 0, 0, 0, 0, 0, 0, 1),
(119, 140, 3, 0, 0, 0, 0, 0, 0, 0, 0, 0, 0, 0, 0, 0, 0, 1),
(120, 140, 4, 0, 0, 0, 0, 0, 0, 0, 0, 0, 0, 0, 0, 0, 0, 1),
(121, 141, 2, 0, 0, 0, 0, 0, 0, 0, 0, 0, 0, 0, 0, 0, 0, 2),
(122, 141, 3, 0, 0, 0, 0, 0, 0, 0, 0, 0, 0, 0, 0, 0, 0, 2),
(123, 141, 4, 0, 0, 0, 0, 0, 0, 0, 0, 0, 0, 0, 0, 0, 0, 2),
(124, 142, 2, 0, 0, 0, 0, 0, 0, 0, 0, 0, 0, 0, 0, 0, 0, 1),
(125, 142, 3, 0, 0, 0, 0, 0, 0, 0, 0, 0, 0, 0, 0, 0, 0, 1),
(126, 142, 4, 0, 0, 0, 0, 0, 0, 0, 0, 0, 0, 0, 0, 0, 0, 1),
(127, 143, 2, 0, 0, 0, 0, 0, 0, 0, 0, 0, 0, 0, 0, 0, 0, 1),
(128, 143, 3, 0, 0, 0, 0, 0, 0, 0, 0, 0, 0, 0, 0, 0, 0, 1),
(129, 143, 4, 0, 0, 0, 0, 0, 0, 0, 0, 0, 0, 0, 0, 0, 0, 1),
(130, 145, 2, 1, 3.5, 5.5, 0, 2, 0, 0, 0, 0, 0, 0, 0, 1, 1, 12),
(131, 145, 3, 1, 4, 6, 0, 2, 0, 0, 0, 0, 0, 0, 0, 1, 1, 12),
(132, 145, 4, 1, 5.5, 6, 0, 0, 0, 0, 0, 1, 0, 0, 0, 1, 1, 12),
(133, 146, 2, 0, 0, 0, 0, 0, 0, 0, 0, 0, 0, 0, 0, 0, 0, 1),
(134, 146, 3, 0, 0, 0, 0, 0, 0, 0, 0, 0, 0, 0, 0, 0, 0, 1),
(135, 146, 4, 0, 0, 0, 0, 0, 0, 0, 0, 0, 0, 0, 0, 0, 0, 1),
(136, 147, 2, 1, 4, 6, 0, 2, 0, 0, 0, 0, 0, 0, 0, 1, 1, 12),
(137, 147, 3, 1, 6, 6, 0, 0, 0, 0, 0, 0, 0, 0, 0, 1, 1, 13),
(138, 147, 4, 0, 0, 0, 0, 0, 0, 0, 0, 0, 0, 0, 0, 0, 0, 13),
(139, 148, 2, 0, 0, 0, 0, 0, 0, 0, 0, 0, 0, 0, 0, 0, 0, 5),
(140, 148, 3, 0, 0, 0, 0, 0, 0, 0, 0, 0, 0, 0, 0, 0, 0, 5),
(141, 148, 4, 0, 0, 0, 0, 0, 0, 0, 0, 0, 0, 0, 0, 0, 0, 5),
(142, 149, 2, 1, 4, 6, 0, 2, 0, 0, 0, 0, 0, 0, 0, 1, 1, 10),
(143, 149, 3, 1, 5, 7, 0, 2, 0, 0, 0, 0, 0, 0, 0, 1, 1, 11),
(144, 149, 4, 1, 6, 7, 0, 1, 0, 0, 0, 0, 0, 0, 0, 1, 1, 11),
(145, 150, 2, 0, 0, 0, 0, 0, 0, 0, 0, 0, 0, 0, 0, 0, 0, 1),
(146, 150, 3, 0, 0, 0, 0, 0, 0, 0, 0, 0, 0, 0, 0, 0, 0, 1),
(147, 150, 4, 0, 0, 0, 0, 0, 0, 0, 0, 0, 0, 0, 0, 0, 0, 1),
(148, 151, 2, 0, 0, 0, 0, 0, 0, 0, 0, 0, 0, 0, 0, 0, 0, 1),
(149, 151, 3, 0, 0, 0, 0, 0, 0, 0, 0, 0, 0, 0, 0, 0, 0, 1),
(150, 151, 4, 0, 0, 0, 0, 0, 0, 0, 0, 0, 0, 0, 0, 0, 0, 1),
(151, 152, 2, 1, 3, 6, 0, 3, 0, 0, 0, 0, 0, 0, 0, 1, 1, 1),
(152, 152, 3, 1, 5, 6, 0, 1, 0, 0, 0, 0, 0, 0, 1, 1, 1, 1),
(153, 152, 4, 1, 5, 7, 0, 2, 0, 0, 0, 0, 0, 0, 1, 1, 1, 1),
(154, 153, 2, 0, 0, 0, 0, 0, 0, 0, 0, 0, 0, 0, 0, 0, 0, 1),
(155, 153, 3, 0, 0, 0, 0, 0, 0, 0, 0, 0, 0, 0, 0, 0, 0, 1),
(156, 153, 4, 0, 0, 0, 0, 0, 0, 0, 0, 0, 0, 0, 0, 0, 0, 1),
(157, 155, 2, 0, 0, 0, 0, 0, 0, 0, 0, 0, 0, 0, 0, 0, 0, 1),
(158, 155, 3, 0, 0, 0, 0, 0, 0, 0, 0, 0, 0, 0, 0, 0, 0, 1),
(159, 155, 4, 0, 0, 0, 0, 0, 0, 0, 0, 0, 0, 0, 0, 0, 0, 1),
(160, 156, 2, 0, 0, 0, 0, 0, 0, 0, 0, 0, 0, 0, 0, 0, 0, 1),
(161, 156, 3, 0, 0, 0, 0, 0, 0, 0, 0, 0, 0, 0, 0, 0, 0, 1),
(162, 156, 4, 0, 0, 0, 0, 0, 0, 0, 0, 0, 0, 0, 0, 0, 0, 1),
(163, 157, 2, 0, 0, 0, 0, 0, 0, 0, 0, 0, 0, 0, 0, 0, 0, 1),
(164, 157, 3, 0, 0, 0, 0, 0, 0, 0, 0, 0, 0, 0, 0, 0, 0, 1),
(165, 157, 4, 0, 0, 0, 0, 0, 0, 0, 0, 0, 0, 0, 0, 0, 0, 1),
(166, 158, 2, 0, 0, 0, 0, 0, 0, 0, 0, 0, 0, 0, 0, 0, 0, 1),
(167, 158, 3, 0, 0, 0, 0, 0, 0, 0, 0, 0, 0, 0, 0, 0, 0, 1),
(168, 158, 4, 0, 0, 0, 0, 0, 0, 0, 0, 0, 0, 0, 0, 0, 0, 1),
(169, 160, 2, 0, 0, 0, 0, 0, 0, 0, 0, 0, 0, 0, 0, 0, 0, 4),
(170, 160, 3, 0, 0, 0, 0, 0, 0, 0, 0, 0, 0, 0, 0, 0, 0, 4),
(171, 160, 4, 0, 0, 0, 0, 0, 0, 0, 0, 0, 0, 0, 0, 0, 0, 4),
(172, 161, 2, 1, 3, 6, 0, 3, 0, 0, 0, 0, 0, 0, 1, 1, 1, 10),
(173, 161, 3, 1, 4, 5, 0, 1, 0, 0, 0, 0, 0, 0, 0, 1, 1, 10),
(174, 161, 4, 1, 3.5, 5.5, 0, 2, 0, 0, 0, 0, 0, 0, 0, 1, 1, 10),
(175, 162, 2, 0, 0, 0, 0, 0, 0, 0, 0, 0, 0, 0, 0, 0, 0, 1),
(176, 162, 3, 0, 0, 0, 0, 0, 0, 0, 0, 0, 0, 0, 0, 0, 0, 1),
(177, 162, 4, 0, 0, 0, 0, 0, 0, 0, 0, 0, 0, 0, 0, 0, 0, 1),
(178, 163, 2, 0, 0, 0, 0, 0, 0, 0, 0, 0, 0, 0, 0, 0, 0, 1),
(179, 163, 3, 0, 0, 0, 0, 0, 0, 0, 0, 0, 0, 0, 0, 0, 0, 1),
(180, 163, 4, 0, 0, 0, 0, 0, 0, 0, 0, 0, 0, 0, 0, 0, 0, 1),
(181, 201, 2, 1, 6.5, 6.5, 0, 0, 0, 0, 0, 0, 0, 0, 0, 1, 1, 8),
(182, 201, 3, 1, 5.5, 5.5, 0, 0, 0, 0, 0, 0, 0, 0, 0, 1, 1, 8),
(183, 201, 4, 1, 5.5, 6, 0, 0, 0, 0, 0, 1, 0, 0, 0, 1, 1, 8),
(184, 202, 2, 0, 0, 0, 0, 0, 0, 0, 0, 0, 0, 0, 0, 0, 0, 7),
(185, 202, 3, 0, 0, 0, 0, 0, 0, 0, 0, 0, 0, 0, 0, 0, 0, 7),
(186, 202, 4, 0, 0, 0, 0, 0, 0, 0, 0, 0, 0, 0, 0, 0, 0, 6),
(187, 203, 2, 1, 6, 6, 0, 0, 0, 0, 0, 0, 0, 0, 0, 1, 1, 6),
(188, 203, 3, 1, 6.5, 6.5, 0, 0, 0, 0, 0, 0, 0, 0, 0, 1, 1, 7),
(189, 203, 4, 1, 5.5, 5.5, 0, 0, 0, 0, 0, 0, 0, 0, 0, 1, 1, 7),
(190, 204, 2, 0, 0, 0, 0, 0, 0, 0, 0, 0, 0, 0, 0, 0, 0, 6),
(191, 204, 3, 1, 5.5, 6, 0, 0, 0, 0, 0, 1, 0, 0, 0, 1, 1, 6),
(192, 204, 4, 0, 0, 0, 0, 0, 0, 0, 0, 0, 0, 0, 0, 0, 0, 6),
(193, 206, 2, 0, 0, 0, 0, 0, 0, 0, 0, 0, 0, 0, 0, 0, 0, 7),
(194, 206, 3, 1, 5, 5, 0, 0, 0, 0, 0, 0, 0, 0, 0, 1, 1, 7),
(195, 206, 4, 0, 0, 0, 0, 0, 0, 0, 0, 0, 0, 0, 0, 0, 0, 7),
(196, 207, 2, 0, 0, 0, 0, 0, 0, 0, 0, 0, 0, 0, 0, 0, 0, 3),
(197, 207, 3, 0, 0, 0, 0, 0, 0, 0, 0, 0, 0, 0, 0, 0, 0, 3),
(198, 207, 4, 0, 0, 0, 0, 0, 0, 0, 0, 0, 0, 0, 0, 0, 0, 3),
(199, 208, 2, 1, 6, 6, 0, 0, 0, 0, 0, 0, 0, 0, 0, 1, 0, 6),
(200, 208, 3, 0, 0, 0, 0, 0, 0, 0, 0, 0, 0, 0, 0, 0, 0, 6),
(201, 208, 4, 1, 6, 6, 0, 0, 0, 0, 0, 0, 0, 0, 0, 1, 1, 6),
(202, 209, 2, 1, 5.5, 5.5, 0, 0, 0, 0, 0, 0, 0, 0, 0, 1, 1, 9),
(203, 209, 3, 1, 5.5, 5.5, 0, 0, 0, 0, 0, 0, 0, 0, 0, 1, 1, 9),
(204, 209, 4, 1, 6, 6, 0, 0, 0, 0, 0, 0, 0, 0, 0, 1, 0, 9),
(205, 210, 2, 1, 6, 6, 0, 0, 0, 0, 0, 0, 0, 0, 0, 1, 1, 5),
(206, 210, 3, 1, 5, 5.5, 0, 0, 0, 0, 0, 1, 0, 0, 0, 1, 0, 5),
(207, 210, 4, 0, 0, 0, 0, 0, 0, 0, 0, 0, 0, 0, 0, 0, 0, 5),
(208, 211, 2, 0, 0, 0, 0, 0, 0, 0, 0, 0, 0, 0, 0, 0, 0, 5),
(209, 211, 3, 0, 0, 0, 0, 0, 0, 0, 0, 0, 0, 0, 0, 0, 0, 5),
(210, 211, 4, 1, 6, 6, 0, 0, 0, 0, 0, 0, 0, 0, 0, 1, 1, 5),
(211, 212, 2, 0, 0, 0, 0, 0, 0, 0, 0, 0, 0, 0, 0, 0, 0, 3),
(212, 212, 3, 0, 0, 0, 0, 0, 0, 0, 0, 0, 0, 0, 0, 0, 0, 3),
(213, 212, 4, 0, 0, 0, 0, 0, 0, 0, 0, 0, 0, 0, 0, 0, 0, 3),
(214, 213, 2, 1, 5.5, 5.5, 0, 0, 0, 0, 0, 0, 0, 0, 0, 1, 1, 2),
(215, 213, 3, 1, 5.5, 5.5, 0, 0, 0, 0, 0, 0, 0, 0, 0, 1, 1, 2),
(216, 213, 4, 1, 5.5, 5.5, 0, 0, 0, 0, 0, 0, 0, 0, 0, 1, 1, 3),
(217, 214, 2, 1, 6, 6, 0, 0, 0, 0, 0, 0, 0, 0, 0, 1, 1, 12),
(218, 214, 3, 1, 6, 6.5, 0, 0, 0, 0, 0, 1, 0, 0, 0, 1, 1, 12),
(219, 214, 4, 1, 5.5, 5.5, 0, 0, 0, 0, 0, 0, 0, 0, 0, 1, 1, 12),
(220, 216, 2, 1, 6.5, 6.5, 0, 0, 0, 0, 0, 0, 0, 0, 0, 1, 1, 16),
(221, 216, 3, 1, 5, 5, 0, 0, 0, 0, 0, 0, 0, 0, 0, 1, 1, 16),
(222, 216, 4, 1, 5.5, 6, 0, 0, 0, 0, 0, 1, 0, 0, 0, 1, 1, 15),
(223, 217, 2, 1, 6.5, 6.5, 0, 0, 0, 0, 0, 0, 0, 0, 0, 1, 1, 8),
(224, 217, 3, 1, 7, 7, 0, 0, 0, 0, 0, 0, 0, 0, 0, 1, 1, 9),
(225, 217, 4, 1, 7, 7, 0, 0, 0, 0, 0, 0, 0, 0, 0, 1, 1, 10),
(226, 218, 2, 1, 10, 7, 1, 0, 1, 0, 0, 0, 0, 0, 0, 1, 1, 3),
(227, 218, 3, 1, 6.5, 6.5, 0, 0, 0, 0, 0, 0, 0, 0, 0, 1, 1, 4),
(228, 218, 4, 1, 6, 6, 0, 0, 0, 0, 0, 0, 0, 0, 0, 1, 1, 4),
(229, 219, 2, 1, 6, 6, 0, 0, 0, 0, 0, 0, 0, 0, 0, 1, 0, 4),
(230, 219, 3, 0, 0, 0, 0, 0, 0, 0, 0, 0, 0, 0, 0, 0, 0, 4),
(231, 219, 4, 1, 5.5, 6, 0, 0, 0, 0, 0, 1, 0, 0, 0, 1, 0, 4),
(232, 220, 2, 1, 7, 7, 0, 0, 0, 0, 0, 0, 0, 0, 0, 1, 1, 3),
(233, 220, 3, 1, 7, 7, 0, 0, 0, 0, 0, 0, 0, 0, 0, 1, 1, 4),
(234, 220, 4, 1, 5.5, 5.5, 0, 0, 0, 0, 0, 0, 0, 0, 0, 1, 1, 4),
(235, 221, 2, 0, 0, 0, 0, 0, 0, 0, 0, 0, 0, 0, 0, 0, 0, 3),
(236, 221, 3, 0, 0, 0, 0, 0, 0, 0, 0, 0, 0, 0, 0, 0, 0, 3),
(237, 221, 4, 0, 0, 0, 0, 0, 0, 0, 0, 0, 0, 0, 0, 0, 0, 3),
(238, 222, 2, 1, 3.5, 4.5, 0, 0, 0, 0, 0, 0, 1, 0, 0, 1, 1, 1),
(239, 222, 3, 0, 0, 0, 0, 0, 0, 0, 0, 0, 0, 0, 0, 0, 0, 1),
(240, 222, 4, 0, 0, 0, 0, 0, 0, 0, 0, 0, 0, 0, 0, 0, 0, 1),
(241, 223, 2, 0, 0, 0, 0, 0, 0, 0, 0, 0, 0, 0, 0, 0, 0, 9),
(242, 223, 3, 1, 6, 6, 0, 0, 0, 0, 0, 0, 0, 0, 0, 1, 1, 9),
(243, 223, 4, 1, 6, 6, 0, 0, 0, 0, 0, 0, 0, 0, 0, 1, 1, 9),
(244, 224, 2, 1, 5.5, 5.5, 0, 0, 0, 0, 0, 0, 0, 0, 0, 1, 1, 9),
(245, 224, 3, 1, 6, 6, 0, 0, 0, 0, 0, 0, 0, 0, 0, 1, 1, 9),
(246, 224, 4, 0, 0, 0, 0, 0, 0, 0, 0, 0, 0, 0, 0, 0, 0, 9),
(247, 225, 2, 0, 0, 0, 0, 0, 0, 0, 0, 0, 0, 0, 0, 0, 0, 3),
(248, 225, 3, 1, 5, 5, 0, 0, 0, 0, 0, 0, 0, 0, 0, 1, 1, 3),
(249, 225, 4, 0, 0, 0, 0, 0, 0, 0, 0, 0, 0, 0, 0, 0, 0, 3),
(250, 226, 2, 0, 0, 0, 0, 0, 0, 0, 0, 0, 0, 0, 0, 0, 0, 8),
(251, 226, 3, 1, 5.5, 5.5, 0, 0, 0, 0, 0, 0, 0, 0, 0, 1, 0, 8),
(252, 226, 4, 0, 0, 0, 0, 0, 0, 0, 0, 0, 0, 0, 0, 0, 0, 8),
(253, 227, 2, 1, 5, 5.5, 0, 0, 0, 0, 0, 1, 0, 0, 0, 1, 1, 12),
(254, 227, 3, 0, 0, 0, 0, 0, 0, 0, 0, 0, 0, 0, 0, 0, 0, 11),
(255, 227, 4, 1, 5.5, 6, 0, 0, 0, 0, 0, 1, 0, 0, 0, 1, 1, 11),
(256, 228, 2, 0, 0, 0, 0, 0, 0, 0, 0, 0, 0, 0, 0, 0, 0, 3),
(257, 228, 3, 0, 0, 0, 0, 0, 0, 0, 0, 0, 0, 0, 0, 0, 0, 3),
(258, 228, 4, 0, 0, 0, 0, 0, 0, 0, 0, 0, 0, 0, 0, 0, 0, 3),
(259, 229, 2, 0, 0, 0, 0, 0, 0, 0, 0, 0, 0, 0, 0, 0, 0, 7),
(260, 229, 3, 0, 0, 0, 0, 0, 0, 0, 0, 0, 0, 0, 0, 0, 0, 7),
(261, 229, 4, 0, 0, 0, 0, 0, 0, 0, 0, 0, 0, 0, 0, 0, 0, 6),
(262, 230, 2, 0, 0, 0, 0, 0, 0, 0, 0, 0, 0, 0, 0, 0, 0, 5),
(263, 230, 3, 0, 0, 0, 0, 0, 0, 0, 0, 0, 0, 0, 0, 0, 0, 5),
(264, 230, 4, 0, 0, 0, 0, 0, 0, 0, 0, 0, 0, 0, 0, 0, 0, 5),
(265, 231, 2, 1, 5.5, 5.5, 0, 0, 0, 0, 0, 0, 0, 0, 0, 1, 1, 8),
(266, 231, 3, 1, 6, 6, 0, 0, 0, 0, 0, 0, 0, 0, 0, 1, 1, 8),
(267, 231, 4, 1, 5, 5.5, 0, 0, 0, 0, 0, 1, 0, 0, 0, 1, 1, 8),
(268, 232, 2, 0, 0, 0, 0, 0, 0, 0, 0, 0, 0, 0, 0, 0, 0, 2),
(269, 232, 3, 0, 0, 0, 0, 0, 0, 0, 0, 0, 0, 0, 0, 0, 0, 2),
(270, 232, 4, 0, 0, 0, 0, 0, 0, 0, 0, 0, 0, 0, 0, 0, 0, 2),
(271, 233, 2, 1, 11, 7, 1, 0, 1, 0, 1, 0, 0, 0, 0, 1, 1, 9),
(272, 233, 3, 1, 6.5, 6.5, 0, 0, 0, 0, 0, 0, 0, 0, 0, 1, 1, 9),
(273, 233, 4, 0, 0, 0, 0, 0, 0, 0, 0, 0, 0, 0, 0, 0, 0, 9),
(274, 234, 2, 0, 0, 0, 0, 0, 0, 0, 0, 0, 0, 0, 0, 0, 0, 3),
(275, 234, 3, 0, 0, 0, 0, 0, 0, 0, 0, 0, 0, 0, 0, 0, 0, 3),
(276, 234, 4, 0, 0, 0, 0, 0, 0, 0, 0, 0, 0, 0, 0, 0, 0, 3),
(277, 235, 2, 1, 6, 6, 0, 0, 0, 0, 0, 0, 0, 0, 0, 1, 1, 8),
(278, 235, 3, 1, 5.5, 5.5, 0, 0, 0, 0, 0, 0, 0, 0, 0, 1, 1, 8),
(279, 235, 4, 1, 5, 5, 0, 0, 0, 0, 0, 0, 0, 0, 0, 1, 1, 8),
(280, 236, 2, 1, 5.5, 6, 0, 0, 0, 0, 0, 1, 0, 0, 0, 1, 1, 7),
(281, 236, 3, 1, 6, 6, 0, 0, 0, 0, 0, 0, 0, 0, 0, 1, 1, 7),
(282, 236, 4, 0, 0, 0, 0, 0, 0, 0, 0, 0, 0, 0, 0, 0, 0, 7),
(283, 237, 2, 1, 5.5, 6, 0, 0, 0, 0, 0, 1, 0, 0, 0, 1, 1, 4),
(284, 237, 3, 1, 6, 6, 0, 0, 0, 0, 0, 0, 0, 0, 0, 1, 0, 4),
(285, 237, 4, 1, 7, 6, 0, 0, 0, 0, 1, 0, 0, 0, 0, 1, 1, 5),
(286, 238, 2, 1, 5.5, 5.5, 0, 0, 0, 0, 0, 0, 0, 0, 0, 1, 1, 6),
(287, 238, 3, 0, 0, 0, 0, 0, 0, 0, 0, 0, 0, 0, 0, 0, 0, 6),
(288, 238, 4, 1, 5, 5, 0, 0, 0, 0, 0, 0, 0, 0, 0, 1, 1, 6),
(289, 239, 2, 0, 0, 0, 0, 0, 0, 0, 0, 0, 0, 0, 0, 0, 0, 5),
(290, 239, 3, 0, 0, 0, 0, 0, 0, 0, 0, 0, 0, 0, 0, 0, 0, 5),
(291, 239, 4, 0, 0, 0, 0, 0, 0, 0, 0, 0, 0, 0, 0, 0, 0, 5),
(292, 240, 2, 1, 6, 6, 0, 0, 0, 0, 0, 0, 0, 0, 0, 1, 1, 11),
(293, 240, 3, 1, 5, 5, 0, 0, 0, 0, 0, 0, 0, 0, 0, 1, 1, 11),
(294, 240, 4, 0, 0, 0, 0, 0, 0, 0, 0, 0, 0, 0, 0, 0, 0, 11),
(295, 241, 2, 0, 0, 0, 0, 0, 0, 0, 0, 0, 0, 0, 0, 0, 0, 7),
(296, 241, 3, 0, 0, 0, 0, 0, 0, 0, 0, 0, 0, 0, 0, 0, 0, 7),
(297, 241, 4, 0, 0, 0, 0, 0, 0, 0, 0, 0, 0, 0, 0, 0, 0, 6),
(298, 242, 2, 0, 0, 0, 0, 0, 0, 0, 0, 0, 0, 0, 0, 0, 0, 2),
(299, 242, 3, 0, 0, 0, 0, 0, 0, 0, 0, 0, 0, 0, 0, 0, 0, 2),
(300, 242, 4, 0, 0, 0, 0, 0, 0, 0, 0, 0, 0, 0, 0, 0, 0, 2),
(301, 243, 2, 0, 0, 0, 0, 0, 0, 0, 0, 0, 0, 0, 0, 0, 0, 3),
(302, 243, 3, 0, 0, 0, 0, 0, 0, 0, 0, 0, 0, 0, 0, 0, 0, 3),
(303, 243, 4, 0, 0, 0, 0, 0, 0, 0, 0, 0, 0, 0, 0, 0, 0, 3),
(304, 244, 2, 0, 0, 0, 0, 0, 0, 0, 0, 0, 0, 0, 0, 0, 0, 1),
(305, 244, 3, 0, 0, 0, 0, 0, 0, 0, 0, 0, 0, 0, 0, 0, 0, 1),
(306, 244, 4, 0, 0, 0, 0, 0, 0, 0, 0, 0, 0, 0, 0, 0, 0, 1),
(307, 245, 2, 1, 5.5, 5.5, 0, 0, 0, 0, 0, 0, 0, 0, 0, 1, 1, 7),
(308, 245, 3, 1, 4.5, 5, 0, 0, 0, 0, 0, 1, 0, 0, 0, 1, 1, 6),
(309, 245, 4, 1, 6, 6, 0, 0, 0, 0, 0, 0, 0, 0, 0, 1, 1, 7),
(310, 246, 2, 0, 0, 0, 0, 0, 0, 0, 0, 0, 0, 0, 0, 0, 0, 3),
(311, 246, 3, 0, 0, 0, 0, 0, 0, 0, 0, 0, 0, 0, 0, 0, 0, 3),
(312, 246, 4, 0, 0, 0, 0, 0, 0, 0, 0, 0, 0, 0, 0, 0, 0, 3),
(313, 247, 2, 0, 0, 0, 0, 0, 0, 0, 0, 0, 0, 0, 0, 0, 0, 3),
(314, 247, 3, 0, 0, 0, 0, 0, 0, 0, 0, 0, 0, 0, 0, 0, 0, 3),
(315, 247, 4, 0, 0, 0, 0, 0, 0, 0, 0, 0, 0, 0, 0, 0, 0, 3),
(316, 249, 2, 1, 6.5, 6.5, 0, 0, 0, 0, 0, 0, 0, 0, 0, 1, 1, 17),
(317, 249, 3, 1, 6.5, 6.5, 0, 0, 0, 0, 0, 0, 0, 0, 0, 1, 1, 17),
(318, 249, 4, 1, 5.5, 5.5, 0, 0, 0, 0, 0, 0, 0, 0, 0, 1, 1, 17),
(319, 250, 2, 0, 0, 0, 0, 0, 0, 0, 0, 0, 0, 0, 0, 0, 0, 6),
(320, 250, 3, 0, 0, 0, 0, 0, 0, 0, 0, 0, 0, 0, 0, 0, 0, 6),
(321, 250, 4, 1, 3.5, 4, 0, 0, 0, 0, 0, 1, 0, 0, 0, 1, 1, 5),
(322, 251, 2, 0, 0, 0, 0, 0, 0, 0, 0, 0, 0, 0, 0, 0, 0, 1),
(323, 251, 3, 0, 0, 0, 0, 0, 0, 0, 0, 0, 0, 0, 0, 0, 0, 1),
(324, 251, 4, 1, 5, 5, 0, 0, 0, 0, 0, 0, 0, 0, 0, 1, 0, 1),
(325, 252, 2, 0, 0, 0, 0, 0, 0, 0, 0, 0, 0, 0, 0, 0, 0, 2),
(326, 252, 3, 0, 0, 0, 0, 0, 0, 0, 0, 0, 0, 0, 0, 0, 0, 2),
(327, 252, 4, 0, 0, 0, 0, 0, 0, 0, 0, 0, 0, 0, 0, 0, 0, 2),
(328, 253, 2, 1, 6, 6, 0, 0, 0, 0, 0, 0, 0, 0, 0, 1, 1, 6),
(329, 253, 3, 1, 6, 6, 0, 0, 0, 0, 0, 0, 0, 0, 0, 1, 1, 7),
(330, 253, 4, 1, 5, 5.5, 0, 0, 0, 0, 0, 1, 0, 0, 0, 1, 1, 6),
(331, 254, 2, 0, 0, 0, 0, 0, 0, 0, 0, 0, 0, 0, 0, 0, 0, 3),
(332, 254, 3, 0, 0, 0, 0, 0, 0, 0, 0, 0, 0, 0, 0, 0, 0, 3),
(333, 254, 4, 0, 0, 0, 0, 0, 0, 0, 0, 0, 0, 0, 0, 0, 0, 3),
(334, 256, 2, 0, 0, 0, 0, 0, 0, 0, 0, 0, 0, 0, 0, 0, 0, 7),
(335, 256, 3, 0, 0, 0, 0, 0, 0, 0, 0, 0, 0, 0, 0, 0, 0, 7),
(336, 256, 4, 0, 0, 0, 0, 0, 0, 0, 0, 0, 0, 0, 0, 0, 0, 6),
(337, 257, 2, 0, 0, 0, 0, 0, 0, 0, 0, 0, 0, 0, 0, 0, 0, 8),
(338, 257, 3, 1, 6, 6, 0, 0, 0, 0, 0, 0, 0, 0, 0, 1, 1, 8),
(339, 257, 4, 1, 6, 6.5, 0, 0, 0, 0, 0, 1, 0, 0, 0, 1, 1, 8),
(340, 258, 2, 1, 6, 6, 0, 0, 0, 0, 0, 0, 0, 0, 0, 1, 1, 7),
(341, 258, 3, 1, 6, 6, 0, 0, 0, 0, 0, 0, 0, 0, 0, 1, 1, 7),
(342, 258, 4, 1, 5.5, 5.5, 0, 0, 0, 0, 0, 0, 0, 0, 0, 1, 1, 7),
(343, 259, 2, 1, 4, 5, 0, 0, 0, 0, 0, 0, 1, 0, 0, 1, 1, 5),
(344, 259, 3, 0, 0, 0, 0, 0, 0, 0, 0, 0, 0, 0, 0, 0, 0, 5),
(345, 259, 4, 1, 5, 5, 0, 0, 0, 0, 0, 0, 0, 0, 0, 1, 1, 5),
(346, 260, 2, 0, 0, 0, 0, 0, 0, 0, 0, 0, 0, 0, 0, 0, 0, 8),
(347, 260, 3, 0, 0, 0, 0, 0, 0, 0, 0, 0, 0, 0, 0, 0, 0, 8),
(348, 260, 4, 1, 6, 6, 0, 0, 0, 0, 0, 0, 0, 0, 0, 1, 1, 8),
(349, 261, 2, 1, 6, 6, 0, 0, 0, 0, 0, 0, 0, 0, 0, 1, 1, 6),
(350, 261, 3, 1, 5.5, 6, 0, 0, 0, 0, 0, 1, 0, 0, 0, 1, 1, 6),
(351, 261, 4, 1, 5.5, 5.5, 0, 0, 0, 0, 0, 0, 0, 0, 0, 1, 1, 6),
(352, 263, 2, 0, 0, 0, 0, 0, 0, 0, 0, 0, 0, 0, 0, 0, 0, 2),
(353, 263, 3, 1, 5, 5, 0, 0, 0, 0, 0, 0, 0, 0, 0, 1, 0, 2),
(354, 263, 4, 1, 6, 6, 0, 0, 0, 0, 0, 0, 0, 0, 0, 1, 1, 2),
(355, 264, 2, 0, 0, 0, 0, 0, 0, 0, 0, 0, 0, 0, 0, 0, 0, 2),
(356, 264, 3, 0, 0, 0, 0, 0, 0, 0, 0, 0, 0, 0, 0, 0, 0, 2),
(357, 264, 4, 0, 0, 0, 0, 0, 0, 0, 0, 0, 0, 0, 0, 0, 0, 2),
(358, 265, 2, 1, 5.5, 6, 0, 0, 0, 0, 0, 1, 0, 0, 0, 1, 1, 9),
(359, 265, 3, 1, 4.5, 5, 0, 0, 0, 0, 0, 1, 0, 0, 0, 1, 1, 8),
(360, 265, 4, 1, 6.5, 6.5, 0, 0, 0, 0, 0, 0, 0, 0, 0, 1, 1, 9),
(361, 266, 2, 1, 6.5, 6.5, 0, 0, 0, 0, 0, 0, 0, 0, 0, 1, 1, 7),
(362, 266, 3, 1, 6.5, 6.5, 0, 0, 0, 0, 0, 0, 0, 0, 0, 1, 1, 8),
(363, 266, 4, 1, 6, 6.5, 0, 0, 0, 0, 0, 1, 0, 0, 0, 1, 1, 8),
(364, 267, 2, 1, 5.5, 6, 0, 0, 0, 0, 0, 1, 0, 0, 0, 1, 1, 1),
(365, 267, 3, 0, 0, 0, 0, 0, 0, 0, 0, 0, 0, 0, 0, 0, 0, 1),
(366, 267, 4, 0, 0, 0, 0, 0, 0, 0, 0, 0, 0, 0, 0, 0, 0, 1),
(367, 268, 2, 1, 5, 5, 0, 0, 0, 0, 0, 0, 0, 0, 0, 1, 1, 5),
(368, 268, 3, 1, 6, 6, 0, 0, 0, 0, 0, 0, 0, 0, 0, 1, 1, 5),
(369, 268, 4, 1, 4.5, 4.5, 0, 0, 0, 0, 0, 0, 0, 0, 0, 1, 1, 5),
(370, 270, 2, 0, 0, 0, 0, 0, 0, 0, 0, 0, 0, 0, 0, 0, 0, 2),
(371, 270, 3, 0, 0, 0, 0, 0, 0, 0, 0, 0, 0, 0, 0, 0, 0, 2),
(372, 270, 4, 0, 0, 0, 0, 0, 0, 0, 0, 0, 0, 0, 0, 0, 0, 2),
(373, 271, 2, 0, 0, 0, 0, 0, 0, 0, 0, 0, 0, 0, 0, 0, 0, 1),
(374, 271, 3, 0, 0, 0, 0, 0, 0, 0, 0, 0, 0, 0, 0, 0, 0, 1),
(375, 271, 4, 0, 0, 0, 0, 0, 0, 0, 0, 0, 0, 0, 0, 0, 0, 1),
(376, 272, 2, 0, 0, 0, 0, 0, 0, 0, 0, 0, 0, 0, 0, 1, 0, 4),
(377, 272, 3, 0, 0, 0, 0, 0, 0, 0, 0, 0, 0, 0, 0, 0, 0, 4),
(378, 272, 4, 1, 6, 6, 0, 0, 0, 0, 0, 0, 0, 0, 0, 1, 1, 4),
(379, 273, 2, 1, 4.5, 4.5, 0, 0, 0, 0, 0, 0, 0, 0, 0, 1, 1, 3),
(380, 273, 3, 0, 0, 0, 0, 0, 0, 0, 0, 0, 0, 0, 0, 0, 0, 3),
(381, 273, 4, 0, 0, 0, 0, 0, 0, 0, 0, 0, 0, 0, 0, 0, 0, 3),
(382, 274, 2, 0, 0, 0, 0, 0, 0, 0, 0, 0, 0, 0, 0, 0, 0, 2),
(383, 274, 3, 0, 0, 0, 0, 0, 0, 0, 0, 0, 0, 0, 0, 0, 0, 2),
(384, 274, 4, 0, 0, 0, 0, 0, 0, 0, 0, 0, 0, 0, 0, 0, 0, 2),
(385, 275, 2, 0, 0, 0, 0, 0, 0, 0, 0, 0, 0, 0, 0, 0, 0, 2),
(386, 275, 3, 0, 0, 0, 0, 0, 0, 0, 0, 0, 0, 0, 0, 0, 0, 2),
(387, 275, 4, 0, 0, 0, 0, 0, 0, 0, 0, 0, 0, 0, 0, 0, 0, 2),
(388, 276, 2, 1, 6, 6, 0, 0, 0, 0, 0, 0, 0, 0, 0, 1, 0, 3),
(389, 276, 3, 1, 6, 6, 0, 0, 0, 0, 0, 0, 0, 0, 0, 1, 1, 4),
(390, 276, 4, 0, 0, 0, 0, 0, 0, 0, 0, 0, 0, 0, 0, 0, 0, 4),
(391, 277, 2, 1, 6.5, 6.5, 0, 0, 0, 0, 0, 0, 0, 0, 0, 1, 1, 8),
(392, 277, 3, 1, 5, 5.5, 0, 0, 0, 0, 0, 1, 0, 0, 0, 1, 1, 8),
(393, 277, 4, 1, 6, 6, 0, 0, 0, 0, 0, 0, 0, 0, 0, 1, 1, 8),
(394, 278, 2, 0, 0, 0, 0, 0, 0, 0, 0, 0, 0, 0, 0, 0, 0, 4),
(395, 278, 3, 0, 0, 0, 0, 0, 0, 0, 0, 0, 0, 0, 0, 0, 0, 4),
(396, 278, 4, 0, 0, 0, 0, 0, 0, 0, 0, 0, 0, 0, 0, 0, 0, 4),
(397, 279, 2, 0, 0, 0, 0, 0, 0, 0, 0, 0, 0, 0, 0, 0, 0, 2),
(398, 279, 3, 0, 0, 0, 0, 0, 0, 0, 0, 0, 0, 0, 0, 0, 0, 2),
(399, 279, 4, 0, 0, 0, 0, 0, 0, 0, 0, 0, 0, 0, 0, 0, 0, 2),
(400, 280, 2, 0, 0, 0, 0, 0, 0, 0, 0, 0, 0, 0, 0, 0, 0, 2),
(401, 280, 3, 0, 0, 0, 0, 0, 0, 0, 0, 0, 0, 0, 0, 0, 0, 2),
(402, 280, 4, 0, 0, 0, 0, 0, 0, 0, 0, 0, 0, 0, 0, 0, 0, 2),
(403, 281, 2, 1, 5, 5, 0, 0, 0, 0, 0, 0, 0, 0, 0, 1, 1, 5),
(404, 281, 3, 1, 5, 5, 0, 0, 0, 0, 0, 0, 0, 0, 0, 1, 1, 5),
(405, 281, 4, 1, 6.5, 6.5, 0, 0, 0, 0, 0, 0, 0, 0, 0, 1, 1, 5),
(406, 283, 2, 0, 0, 0, 0, 0, 0, 0, 0, 0, 0, 0, 0, 0, 0, 7),
(407, 283, 3, 0, 0, 0, 0, 0, 0, 0, 0, 0, 0, 0, 0, 0, 0, 7),
(408, 283, 4, 1, 5.5, 5.5, 0, 0, 0, 0, 0, 0, 0, 0, 0, 1, 1, 7),
(409, 284, 2, 0, 0, 0, 0, 0, 0, 0, 0, 0, 0, 0, 0, 0, 0, 5),
(410, 284, 3, 1, 6, 6, 0, 0, 0, 0, 0, 0, 0, 0, 0, 1, 0, 5),
(411, 284, 4, 0, 0, 0, 0, 0, 0, 0, 0, 0, 0, 0, 0, 0, 0, 5),
(412, 285, 2, 0, 0, 0, 0, 0, 0, 0, 0, 0, 0, 0, 0, 0, 0, 2),
(413, 285, 3, 0, 0, 0, 0, 0, 0, 0, 0, 0, 0, 0, 0, 0, 0, 2),
(414, 285, 4, 0, 0, 0, 0, 0, 0, 0, 0, 0, 0, 0, 0, 0, 0, 2),
(415, 286, 2, 0, 0, 0, 0, 0, 0, 0, 0, 0, 0, 0, 0, 0, 0, 1),
(416, 286, 3, 1, 6.5, 6.5, 0, 0, 0, 0, 0, 0, 0, 0, 0, 1, 1, 1),
(417, 286, 4, 0, 0, 0, 0, 0, 0, 0, 0, 0, 0, 0, 0, 0, 0, 1),
(418, 288, 2, 1, 6, 6, 0, 0, 0, 0, 0, 0, 0, 0, 0, 1, 1, 5),
(419, 288, 3, 0, 0, 0, 0, 0, 0, 0, 0, 0, 0, 0, 0, 0, 0, 5),
(420, 288, 4, 0, 0, 0, 0, 0, 0, 0, 0, 0, 0, 0, 0, 0, 0, 5),
(421, 289, 2, 1, 6, 6, 0, 0, 0, 0, 0, 0, 0, 0, 0, 1, 1, 7),
(422, 289, 3, 1, 6.5, 6.5, 0, 0, 0, 0, 0, 0, 0, 0, 0, 1, 1, 8),
(423, 289, 4, 1, 6, 6, 0, 0, 0, 0, 0, 0, 0, 0, 0, 1, 1, 8),
(424, 290, 2, 1, 5, 5, 0, 0, 0, 0, 0, 0, 0, 0, 0, 1, 1, 5),
(425, 290, 3, 1, 5, 5, 0, 0, 0, 0, 0, 0, 0, 0, 0, 1, 0, 5),
(426, 290, 4, 0, 0, 0, 0, 0, 0, 0, 0, 0, 0, 0, 0, 0, 0, 5),
(427, 291, 2, 1, 4, 5, 0, 0, 0, 0, 0, 0, 1, 0, 0, 1, 1, 7),
(428, 291, 3, 0, 0, 0, 0, 0, 0, 0, 0, 0, 0, 0, 0, 0, 0, 7),
(429, 291, 4, 1, 5.5, 5.5, 0, 0, 0, 0, 0, 0, 0, 0, 0, 1, 1, 7),
(430, 292, 2, 0, 0, 0, 0, 0, 0, 0, 0, 0, 0, 0, 0, 0, 0, 9),
(431, 292, 3, 0, 0, 0, 0, 0, 0, 0, 0, 0, 0, 0, 0, 0, 0, 9),
(432, 292, 4, 0, 0, 0, 0, 0, 0, 0, 0, 0, 0, 0, 0, 0, 0, 8),
(433, 293, 2, 1, 6, 6, 0, 0, 0, 0, 0, 0, 0, 0, 0, 1, 1, 8),
(434, 293, 3, 1, 5.5, 6, 0, 0, 0, 0, 0, 1, 0, 0, 0, 1, 1, 8),
(435, 293, 4, 1, 7, 7, 0, 0, 0, 0, 0, 0, 0, 0, 0, 1, 1, 9),
(436, 294, 2, 1, 5.5, 5.5, 0, 0, 0, 0, 0, 0, 0, 0, 0, 1, 1, 10),
(437, 294, 3, 1, 5, 5, 0, 0, 0, 0, 0, 0, 0, 0, 0, 1, 1, 10),
(438, 294, 4, 1, 6, 6, 0, 0, 0, 0, 0, 0, 0, 0, 0, 1, 1, 10),
(439, 295, 2, 0, 0, 0, 0, 0, 0, 0, 0, 0, 0, 0, 0, 0, 0, 4),
(440, 295, 3, 0, 0, 0, 0, 0, 0, 0, 0, 0, 0, 0, 0, 0, 0, 4),
(441, 295, 4, 0, 0, 0, 0, 0, 0, 0, 0, 0, 0, 0, 0, 0, 0, 4),
(442, 296, 2, 1, 5, 5.5, 0, 0, 0, 0, 0, 1, 0, 0, 0, 1, 1, 6),
(443, 296, 3, 1, 5, 5.5, 0, 0, 0, 0, 0, 1, 0, 0, 0, 1, 1, 6),
(444, 296, 4, 1, 6, 6, 0, 0, 0, 0, 0, 0, 0, 0, 0, 1, 1, 6),
(445, 297, 2, 1, 10, 7, 1, 0, 0, 0, 0, 0, 0, 0, 0, 1, 1, 11),
(446, 297, 3, 1, 6, 6, 0, 0, 0, 0, 0, 0, 0, 0, 0, 1, 1, 11),
(447, 297, 4, 1, 6, 6.5, 0, 0, 0, 0, 0, 1, 0, 0, 0, 1, 1, 11),
(448, 298, 2, 0, 0, 0, 0, 0, 0, 0, 0, 0, 0, 0, 0, 0, 0, 6),
(449, 298, 3, 1, 6, 6, 0, 0, 0, 0, 0, 0, 0, 0, 0, 1, 1, 6),
(450, 298, 4, 1, 7.5, 7.5, 0, 0, 0, 0, 0, 0, 0, 0, 0, 1, 1, 7),
(451, 299, 2, 1, 5, 5.5, 0, 0, 0, 0, 0, 1, 0, 0, 0, 1, 1, 7),
(452, 299, 3, 1, 5.5, 6, 0, 0, 0, 0, 0, 1, 0, 0, 0, 1, 1, 7),
(453, 299, 4, 1, 5, 5, 0, 0, 0, 0, 0, 0, 0, 0, 0, 1, 1, 6),
(454, 300, 2, 1, 6, 6.5, 0, 0, 0, 0, 0, 1, 0, 0, 0, 1, 1, 8),
(455, 300, 3, 1, 5.5, 5.5, 0, 0, 0, 0, 0, 0, 0, 0, 0, 1, 1, 8),
(456, 300, 4, 0, 0, 0, 0, 0, 0, 0, 0, 0, 0, 0, 0, 0, 0, 8),
(457, 301, 2, 1, 5, 5, 0, 0, 0, 0, 0, 0, 0, 0, 0, 1, 1, 13),
(458, 301, 3, 1, 5.5, 6, 0, 0, 0, 0, 0, 1, 0, 0, 0, 1, 1, 13),
(459, 301, 4, 1, 4, 4.5, 0, 0, 0, 0, 0, 1, 0, 0, 0, 1, 1, 12),
(460, 302, 2, 1, 5.5, 5.5, 0, 0, 0, 0, 0, 0, 0, 0, 0, 1, 1, 2),
(461, 302, 3, 0, 0, 0, 0, 0, 0, 0, 0, 0, 0, 0, 0, 0, 0, 2),
(462, 302, 4, 0, 0, 0, 0, 0, 0, 0, 0, 0, 0, 0, 0, 0, 0, 2),
(463, 303, 2, 0, 0, 0, 0, 0, 0, 0, 0, 0, 0, 0, 0, 1, 0, 4),
(464, 303, 3, 1, 5.5, 5.5, 0, 0, 0, 0, 0, 0, 0, 0, 0, 1, 1, 4),
(465, 303, 4, 1, 5.5, 5.5, 0, 0, 0, 0, 0, 0, 0, 0, 0, 1, 0, 4),
(466, 304, 2, 0, 0, 0, 0, 0, 0, 0, 0, 0, 0, 0, 0, 0, 0, 18),
(467, 304, 3, 0, 0, 0, 0, 0, 0, 0, 0, 0, 0, 0, 0, 0, 0, 17),
(468, 304, 4, 0, 0, 0, 0, 0, 0, 0, 0, 0, 0, 0, 0, 0, 0, 17),
(469, 305, 2, 0, 0, 0, 0, 0, 0, 0, 0, 0, 0, 0, 0, 0, 0, 2),
(470, 305, 3, 0, 0, 0, 0, 0, 0, 0, 0, 0, 0, 0, 0, 0, 0, 2),
(471, 305, 4, 0, 0, 0, 0, 0, 0, 0, 0, 0, 0, 0, 0, 1, 0, 2),
(472, 306, 2, 0, 0, 0, 0, 0, 0, 0, 0, 0, 0, 0, 0, 0, 0, 2),
(473, 306, 3, 1, 6, 6.5, 0, 0, 0, 0, 0, 1, 0, 0, 0, 1, 1, 2),
(474, 306, 4, 1, 6, 6, 0, 0, 0, 0, 0, 0, 0, 0, 0, 1, 1, 3),
(475, 307, 2, 0, 0, 0, 0, 0, 0, 0, 0, 0, 0, 0, 0, 0, 0, 9),
(476, 307, 3, 0, 0, 0, 0, 0, 0, 0, 0, 0, 0, 0, 0, 0, 0, 9),
(477, 307, 4, 0, 0, 0, 0, 0, 0, 0, 0, 0, 0, 0, 0, 0, 0, 8),
(478, 308, 2, 0, 0, 0, 0, 0, 0, 0, 0, 0, 0, 0, 0, 0, 0, 2),
(479, 308, 3, 0, 0, 0, 0, 0, 0, 0, 0, 0, 0, 0, 0, 0, 0, 2),
(480, 308, 4, 0, 0, 0, 0, 0, 0, 0, 0, 0, 0, 0, 0, 0, 0, 2),
(481, 309, 2, 1, 4.5, 5, 0, 0, 0, 0, 0, 1, 0, 0, 0, 1, 1, 6),
(482, 309, 3, 1, 5.5, 6, 0, 0, 0, 0, 0, 1, 0, 0, 0, 1, 1, 6),
(483, 309, 4, 1, 5.5, 5.5, 0, 0, 0, 0, 0, 0, 0, 0, 0, 1, 1, 6),
(484, 311, 2, 1, 9, 6, 1, 0, 0, 1, 0, 0, 0, 0, 0, 1, 1, 6),
(485, 311, 3, 1, 5.5, 5.5, 0, 0, 0, 0, 0, 0, 0, 0, 0, 1, 1, 6),
(486, 311, 4, 0, 0, 0, 0, 0, 0, 0, 0, 0, 0, 0, 0, 0, 0, 6),
(487, 312, 2, 0, 0, 0, 0, 0, 0, 0, 0, 0, 0, 0, 0, 0, 0, 7),
(488, 312, 3, 0, 0, 0, 0, 0, 0, 0, 0, 0, 0, 0, 0, 0, 0, 7),
(489, 312, 4, 0, 0, 0, 0, 0, 0, 0, 0, 0, 0, 0, 0, 0, 0, 6),
(490, 313, 2, 0, 0, 0, 0, 0, 0, 0, 0, 0, 0, 0, 0, 0, 0, 7),
(491, 313, 3, 0, 0, 0, 0, 0, 0, 0, 0, 0, 0, 0, 0, 0, 0, 7),
(492, 313, 4, 0, 0, 0, 0, 0, 0, 0, 0, 0, 0, 0, 0, 0, 0, 6),
(493, 314, 2, 1, 5, 5.5, 0, 0, 0, 0, 0, 1, 0, 0, 0, 1, 1, 2),
(494, 314, 3, 0, 0, 0, 0, 0, 0, 0, 0, 0, 0, 0, 0, 0, 0, 2),
(495, 314, 4, 1, 6.5, 6.5, 0, 0, 0, 0, 0, 0, 0, 0, 0, 1, 1, 3),
(496, 315, 2, 0, 0, 0, 0, 0, 0, 0, 0, 0, 0, 0, 0, 0, 0, 1),
(497, 315, 3, 0, 0, 0, 0, 0, 0, 0, 0, 0, 0, 0, 0, 0, 0, 1),
(498, 315, 4, 1, 7, 7, 0, 0, 0, 0, 0, 0, 0, 0, 0, 1, 1, 1),
(499, 316, 2, 1, 5.5, 5.5, 0, 0, 0, 0, 0, 0, 0, 0, 0, 1, 1, 6),
(500, 316, 3, 1, 5, 5.5, 0, 0, 0, 0, 0, 1, 0, 0, 0, 1, 1, 6),
(501, 316, 4, 0, 0, 0, 0, 0, 0, 0, 0, 0, 0, 0, 0, 0, 0, 6),
(502, 317, 2, 1, 5.5, 5.5, 0, 0, 0, 0, 0, 0, 0, 0, 0, 1, 0, 5),
(503, 317, 3, 1, 4.5, 5, 0, 0, 0, 0, 0, 1, 0, 0, 0, 1, 1, 5),
(504, 317, 4, 1, 6.5, 6.5, 0, 0, 0, 0, 0, 0, 0, 0, 0, 1, 1, 5),
(505, 318, 2, 0, 0, 0, 0, 0, 0, 0, 0, 0, 0, 0, 0, 0, 0, 2),
(506, 318, 3, 0, 0, 0, 0, 0, 0, 0, 0, 0, 0, 0, 0, 0, 0, 2),
(507, 318, 4, 0, 0, 0, 0, 0, 0, 0, 0, 0, 0, 0, 0, 0, 0, 2),
(508, 319, 2, 0, 0, 0, 0, 0, 0, 0, 0, 0, 0, 0, 0, 0, 0, 5),
(509, 319, 3, 0, 0, 0, 0, 0, 0, 0, 0, 0, 0, 0, 0, 0, 0, 5),
(510, 319, 4, 0, 0, 0, 0, 0, 0, 0, 0, 0, 0, 0, 0, 0, 0, 5),
(511, 320, 2, 1, 5, 5, 0, 0, 0, 0, 0, 0, 0, 0, 0, 1, 1, 10),
(512, 320, 3, 1, 6, 6, 0, 0, 0, 0, 0, 0, 0, 0, 0, 1, 1, 10),
(513, 320, 4, 1, 5, 5, 0, 0, 0, 0, 0, 0, 0, 0, 0, 1, 1, 9),
(514, 321, 2, 1, 6, 6, 0, 0, 0, 0, 0, 0, 0, 0, 0, 1, 0, 3),
(515, 321, 3, 0, 0, 0, 0, 0, 0, 0, 0, 0, 0, 0, 0, 0, 0, 3),
(516, 321, 4, 0, 0, 0, 0, 0, 0, 0, 0, 0, 0, 0, 0, 1, 0, 3),
(517, 322, 2, 1, 6, 6, 0, 0, 0, 0, 0, 0, 0, 0, 0, 1, 1, 3),
(518, 322, 3, 1, 6, 6, 0, 0, 0, 0, 0, 0, 0, 0, 0, 1, 1, 4),
(519, 322, 4, 1, 6.5, 6.5, 0, 0, 0, 0, 0, 0, 0, 0, 0, 1, 1, 4),
(520, 323, 2, 1, 5, 5, 0, 0, 0, 0, 0, 0, 0, 0, 0, 1, 1, 14),
(521, 323, 3, 1, 4.5, 5, 0, 0, 0, 0, 0, 1, 0, 0, 0, 1, 1, 14),
(522, 323, 4, 1, 6, 6, 0, 0, 0, 0, 0, 0, 0, 0, 0, 1, 1, 14),
(523, 324, 2, 0, 0, 0, 0, 0, 0, 0, 0, 0, 0, 0, 0, 1, 0, 2),
(524, 324, 3, 0, 0, 0, 0, 0, 0, 0, 0, 0, 0, 0, 0, 0, 0, 2),
(525, 324, 4, 0, 0, 0, 0, 0, 0, 0, 0, 0, 0, 0, 0, 0, 0, 2),
(526, 325, 2, 0, 0, 0, 0, 0, 0, 0, 0, 0, 0, 0, 0, 0, 0, 1),
(527, 325, 3, 0, 0, 0, 0, 0, 0, 0, 0, 0, 0, 0, 0, 0, 0, 1),
(528, 325, 4, 0, 0, 0, 0, 0, 0, 0, 0, 0, 0, 0, 0, 0, 0, 1),
(529, 326, 2, 1, 9, 6, 1, 0, 0, 1, 0, 0, 0, 0, 0, 1, 1, 7),
(530, 326, 3, 1, 5.5, 6, 0, 0, 0, 0, 0, 1, 0, 0, 0, 1, 1, 7),
(531, 326, 4, 1, 7, 7, 0, 0, 0, 0, 0, 0, 0, 0, 0, 1, 1, 8),
(532, 327, 2, 1, 5, 5, 0, 0, 0, 0, 0, 0, 0, 0, 0, 1, 1, 6),
(533, 327, 3, 1, 6, 6, 0, 0, 0, 0, 0, 0, 0, 0, 0, 1, 1, 6),
(534, 327, 4, 1, 5, 5.5, 0, 0, 0, 0, 0, 1, 0, 0, 0, 1, 1, 6),
(535, 328, 2, 1, 8, 7, 0, 0, 0, 0, 1, 0, 0, 0, 0, 1, 1, 8),
(536, 328, 3, 1, 5.5, 5.5, 0, 0, 0, 0, 0, 0, 0, 0, 0, 1, 1, 8),
(537, 328, 4, 1, 6, 6, 0, 0, 0, 0, 0, 0, 0, 0, 0, 1, 1, 8),
(538, 329, 2, 1, 7.5, 6.5, 0, 0, 0, 0, 1, 0, 0, 0, 0, 1, 1, 3),
(539, 329, 3, 1, 6, 6, 0, 0, 0, 0, 0, 0, 0, 0, 0, 1, 1, 4),
(540, 329, 4, 0, 0, 0, 0, 0, 0, 0, 0, 0, 0, 0, 0, 0, 0, 4),
(541, 330, 2, 1, 5.5, 5.5, 0, 0, 0, 0, 0, 0, 0, 0, 0, 1, 1, 4),
(542, 330, 3, 1, 6, 6, 0, 0, 0, 0, 0, 0, 0, 0, 0, 1, 1, 4),
(543, 330, 4, 1, 5, 5.5, 0, 0, 0, 0, 0, 1, 0, 0, 0, 1, 1, 4),
(544, 331, 2, 0, 0, 0, 0, 0, 0, 0, 0, 0, 0, 0, 0, 0, 0, 1),
(545, 331, 3, 0, 0, 0, 0, 0, 0, 0, 0, 0, 0, 0, 0, 0, 0, 1),
(546, 331, 4, 1, 4.5, 5, 0, 0, 0, 0, 0, 1, 0, 0, 0, 1, 0, 1),
(547, 332, 2, 1, 6, 6, 0, 0, 0, 0, 0, 0, 0, 0, 0, 1, 1, 5),
(548, 332, 3, 1, 5, 5, 0, 0, 0, 0, 0, 0, 0, 0, 0, 1, 1, 5),
(549, 332, 4, 1, 5.5, 6, 0, 0, 0, 0, 0, 1, 0, 0, 0, 1, 1, 5),
(550, 333, 2, 1, 6, 6, 0, 0, 0, 0, 0, 0, 0, 0, 0, 1, 1, 6),
(551, 333, 3, 1, 6, 6, 0, 0, 0, 0, 0, 0, 0, 0, 0, 1, 1, 7),
(552, 333, 4, 1, 5, 5, 0, 0, 0, 0, 0, 0, 0, 0, 0, 1, 1, 6),
(553, 334, 2, 1, 4.5, 5, 0, 0, 0, 0, 0, 1, 0, 0, 0, 1, 1, 6),
(554, 334, 3, 1, 5, 5, 0, 0, 0, 0, 0, 0, 0, 0, 0, 1, 1, 6),
(555, 334, 4, 1, 9, 6.5, 1, 0, 0, 1, 0, 1, 0, 0, 0, 1, 1, 8),
(556, 335, 2, 1, 6, 6, 0, 0, 0, 0, 0, 0, 0, 0, 0, 1, 1, 2),
(557, 335, 3, 1, 6, 6.5, 0, 0, 0, 0, 0, 1, 0, 0, 0, 1, 1, 3),
(558, 335, 4, 1, 5, 5, 0, 0, 0, 0, 0, 0, 0, 0, 0, 1, 1, 3),
(559, 336, 2, 0, 0, 0, 0, 0, 0, 0, 0, 0, 0, 0, 0, 0, 0, 7),
(560, 336, 3, 0, 0, 0, 0, 0, 0, 0, 0, 0, 0, 0, 0, 0, 0, 7),
(561, 336, 4, 0, 0, 0, 0, 0, 0, 0, 0, 0, 0, 0, 0, 0, 0, 6),
(562, 337, 2, 0, 0, 0, 0, 0, 0, 0, 0, 0, 0, 0, 0, 0, 0, 4),
(563, 337, 3, 0, 0, 0, 0, 0, 0, 0, 0, 0, 0, 0, 0, 0, 0, 4),
(564, 337, 4, 0, 0, 0, 0, 0, 0, 0, 0, 0, 0, 0, 0, 0, 0, 4),
(565, 338, 2, 0, 0, 0, 0, 0, 0, 0, 0, 0, 0, 0, 0, 0, 0, 17),
(566, 338, 3, 1, 6, 6, 0, 0, 0, 0, 0, 0, 0, 0, 0, 1, 1, 17),
(567, 338, 4, 1, 3, 4, 0, 0, 0, 0, 0, 0, 1, 0, 0, 1, 1, 15),
(568, 339, 2, 0, 0, 0, 0, 0, 0, 0, 0, 0, 0, 0, 0, 0, 0, 1),
(569, 339, 3, 0, 0, 0, 0, 0, 0, 0, 0, 0, 0, 0, 0, 0, 0, 1),
(570, 339, 4, 0, 0, 0, 0, 0, 0, 0, 0, 0, 0, 0, 0, 0, 0, 1),
(571, 340, 2, 0, 0, 0, 0, 0, 0, 0, 0, 0, 0, 0, 0, 0, 0, 4),
(572, 340, 3, 0, 0, 0, 0, 0, 0, 0, 0, 0, 0, 0, 0, 0, 0, 4),
(573, 340, 4, 1, 6, 6, 0, 0, 0, 0, 0, 0, 0, 0, 0, 1, 0, 4),
(574, 341, 2, 1, 5.5, 5.5, 0, 0, 0, 0, 0, 0, 0, 0, 0, 1, 1, 1),
(575, 341, 3, 0, 0, 0, 0, 0, 0, 0, 0, 0, 0, 0, 0, 0, 0, 1),
(576, 341, 4, 0, 0, 0, 0, 0, 0, 0, 0, 0, 0, 0, 0, 0, 0, 1),
(577, 342, 2, 1, 5.5, 6, 0, 0, 0, 0, 0, 1, 0, 0, 0, 1, 1, 4),
(578, 342, 3, 1, 6.5, 6.5, 0, 0, 0, 0, 0, 0, 0, 0, 0, 1, 1, 5),
(579, 342, 4, 0, 0, 0, 0, 0, 0, 0, 0, 0, 0, 0, 0, 0, 0, 5),
(580, 343, 2, 0, 0, 0, 0, 0, 0, 0, 0, 0, 0, 0, 0, 0, 0, 3),
(581, 343, 3, 0, 0, 0, 0, 0, 0, 0, 0, 0, 0, 0, 0, 0, 0, 3),
(582, 343, 4, 1, 4.5, 5, 0, 0, 0, 0, 0, 1, 0, 0, 0, 1, 0, 3),
(583, 344, 2, 1, 5, 5, 0, 0, 0, 0, 0, 0, 0, 0, 0, 1, 0, 6),
(584, 344, 3, 1, 6, 6, 0, 0, 0, 0, 0, 0, 0, 0, 0, 1, 1, 6),
(585, 344, 4, 1, 4.5, 5, 0, 0, 0, 0, 0, 1, 0, 0, 0, 1, 1, 6),
(586, 346, 2, 1, 4, 4.5, 0, 0, 0, 0, 0, 1, 0, 0, 0, 1, 1, 10),
(587, 346, 3, 1, 6, 6, 0, 0, 0, 0, 0, 0, 0, 0, 0, 1, 1, 10),
(588, 346, 4, 0, 0, 0, 0, 0, 0, 0, 0, 0, 0, 0, 0, 0, 0, 10),
(589, 347, 2, 0, 0, 0, 0, 0, 0, 0, 0, 0, 0, 0, 0, 0, 0, 4),
(590, 347, 3, 0, 0, 0, 0, 0, 0, 0, 0, 0, 0, 0, 0, 0, 0, 4),
(591, 347, 4, 0, 0, 0, 0, 0, 0, 0, 0, 0, 0, 0, 0, 0, 0, 4),
(592, 349, 2, 1, 3, 4, 0, 0, 0, 0, 0, 0, 1, 0, 0, 1, 1, 6),
(593, 349, 3, 0, 0, 0, 0, 0, 0, 0, 0, 0, 0, 0, 0, 0, 0, 6),
(594, 349, 4, 1, 6.5, 6.5, 0, 0, 0, 0, 0, 0, 0, 0, 0, 1, 1, 6),
(595, 350, 2, 0, 0, 0, 0, 0, 0, 0, 0, 0, 0, 0, 0, 0, 0, 1),
(596, 350, 3, 0, 0, 0, 0, 0, 0, 0, 0, 0, 0, 0, 0, 0, 0, 1),
(597, 350, 4, 0, 0, 0, 0, 0, 0, 0, 0, 0, 0, 0, 0, 0, 0, 1),
(598, 351, 2, 1, 6, 6, 0, 0, 0, 0, 0, 0, 0, 0, 0, 1, 1, 15),
(599, 351, 3, 1, 6, 6, 0, 0, 0, 0, 0, 0, 0, 0, 0, 1, 1, 15),
(600, 351, 4, 1, 6.5, 6.5, 0, 0, 0, 0, 0, 0, 0, 0, 0, 1, 1, 15),
(601, 352, 2, 0, 0, 0, 0, 0, 0, 0, 0, 0, 0, 0, 0, 0, 0, 2),
(602, 352, 3, 0, 0, 0, 0, 0, 0, 0, 0, 0, 0, 0, 0, 0, 0, 2),
(603, 352, 4, 0, 0, 0, 0, 0, 0, 0, 0, 0, 0, 0, 0, 0, 0, 2),
(604, 353, 2, 1, 6, 6, 0, 0, 0, 0, 0, 0, 0, 0, 0, 1, 1, 7),
(605, 353, 3, 1, 6.5, 6.5, 0, 0, 0, 0, 0, 0, 0, 0, 0, 1, 1, 8),
(606, 353, 4, 1, 5, 5, 0, 0, 0, 0, 0, 0, 0, 0, 0, 1, 1, 7),
(607, 354, 2, 0, 0, 0, 0, 0, 0, 0, 0, 0, 0, 0, 0, 0, 0, 4),
(608, 354, 3, 0, 0, 0, 0, 0, 0, 0, 0, 0, 0, 0, 0, 1, 0, 4),
(609, 354, 4, 1, 5, 5, 0, 0, 0, 0, 0, 0, 0, 0, 0, 1, 1, 4),
(610, 355, 2, 0, 0, 0, 0, 0, 0, 0, 0, 0, 0, 0, 0, 0, 0, 2),
(611, 355, 3, 0, 0, 0, 0, 0, 0, 0, 0, 0, 0, 0, 0, 0, 0, 2),
(612, 355, 4, 0, 0, 0, 0, 0, 0, 0, 0, 0, 0, 0, 0, 0, 0, 2),
(613, 356, 2, 0, 0, 0, 0, 0, 0, 0, 0, 0, 0, 0, 0, 0, 0, 12),
(614, 356, 3, 0, 0, 0, 0, 0, 0, 0, 0, 0, 0, 0, 0, 0, 0, 12),
(615, 356, 4, 0, 0, 0, 0, 0, 0, 0, 0, 0, 0, 0, 0, 0, 0, 11),
(616, 357, 2, 1, 5.5, 6, 0, 0, 0, 0, 0, 1, 0, 0, 0, 1, 1, 2),
(617, 357, 3, 1, 5.5, 6, 0, 0, 0, 0, 0, 1, 0, 0, 0, 1, 1, 2),
(618, 357, 4, 1, 6, 6, 0, 0, 0, 0, 0, 0, 0, 0, 0, 1, 0, 3),
(619, 358, 2, 1, 6.5, 6.5, 0, 0, 0, 0, 0, 0, 0, 0, 0, 1, 1, 18),
(620, 358, 3, 1, 5.5, 5.5, 0, 0, 0, 0, 0, 0, 0, 0, 0, 1, 1, 18),
(621, 358, 4, 1, 6.5, 6.5, 0, 0, 0, 0, 0, 0, 0, 0, 0, 1, 1, 18),
(622, 359, 2, 1, 5.5, 5.5, 0, 0, 0, 0, 0, 0, 0, 0, 0, 1, 1, 6),
(623, 359, 3, 1, 6, 6, 0, 0, 0, 0, 0, 0, 0, 0, 0, 1, 1, 6),
(624, 359, 4, 1, 5, 5, 0, 0, 0, 0, 0, 0, 0, 0, 0, 1, 1, 6),
(625, 360, 2, 0, 0, 0, 0, 0, 0, 0, 0, 0, 0, 0, 0, 0, 0, 3),
(626, 360, 3, 0, 0, 0, 0, 0, 0, 0, 0, 0, 0, 0, 0, 0, 0, 3),
(627, 360, 4, 0, 0, 0, 0, 0, 0, 0, 0, 0, 0, 0, 0, 0, 0, 3),
(628, 361, 2, 1, 5.5, 5.5, 0, 0, 0, 0, 0, 0, 0, 0, 0, 1, 1, 1),
(629, 361, 3, 1, 6, 6, 0, 0, 0, 0, 0, 0, 0, 0, 0, 1, 1, 1),
(630, 361, 4, 1, 9.5, 6.5, 1, 0, 0, 1, 0, 0, 0, 0, 0, 1, 1, 1),
(631, 362, 2, 1, 5.5, 5.5, 0, 0, 0, 0, 0, 0, 0, 0, 0, 1, 1, 6),
(632, 362, 3, 1, 6.5, 6.5, 0, 0, 0, 0, 0, 0, 0, 0, 0, 1, 1, 7),
(633, 362, 4, 1, 5, 5, 0, 0, 0, 0, 0, 0, 0, 0, 0, 1, 1, 6),
(634, 363, 2, 0, 0, 0, 0, 0, 0, 0, 0, 0, 0, 0, 0, 0, 0, 6),
(635, 363, 3, 0, 0, 0, 0, 0, 0, 0, 0, 0, 0, 0, 0, 0, 0, 6),
(636, 363, 4, 0, 0, 0, 0, 0, 0, 0, 0, 0, 0, 0, 0, 0, 0, 6),
(637, 364, 2, 1, 6, 6, 0, 0, 0, 0, 0, 0, 0, 0, 0, 1, 1, 11),
(638, 364, 3, 1, 5.5, 5.5, 0, 0, 0, 0, 0, 0, 0, 0, 0, 1, 1, 11),
(639, 364, 4, 1, 4.5, 5, 0, 0, 0, 0, 0, 1, 0, 0, 0, 1, 1, 10),
(640, 365, 2, 0, 0, 0, 0, 0, 0, 0, 0, 0, 0, 0, 0, 0, 0, 5),
(641, 365, 3, 0, 0, 0, 0, 0, 0, 0, 0, 0, 0, 0, 0, 0, 0, 5),
(642, 365, 4, 1, 5, 5.5, 0, 0, 0, 0, 0, 1, 0, 0, 0, 1, 1, 5),
(643, 367, 2, 0, 0, 0, 0, 0, 0, 0, 0, 0, 0, 0, 0, 0, 0, 2),
(644, 367, 3, 0, 0, 0, 0, 0, 0, 0, 0, 0, 0, 0, 0, 0, 0, 2),
(645, 367, 4, 1, 6, 6, 0, 0, 0, 0, 0, 0, 0, 0, 0, 1, 1, 2),
(646, 368, 2, 1, 4, 4, 0, 0, 0, 0, 0, 0, 0, 0, 0, 1, 1, 6),
(647, 368, 3, 1, 6, 6, 0, 0, 0, 0, 0, 0, 0, 0, 0, 1, 1, 7),
(648, 368, 4, 0, 0, 0, 0, 0, 0, 0, 0, 0, 0, 0, 0, 0, 0, 6),
(649, 369, 2, 1, 5, 5, 0, 0, 0, 0, 0, 0, 0, 0, 0, 1, 1, 2),
(650, 369, 3, 0, 0, 0, 0, 0, 0, 0, 0, 0, 0, 0, 0, 0, 0, 2),
(651, 369, 4, 0, 0, 0, 0, 0, 0, 0, 0, 0, 0, 0, 0, 0, 0, 2),
(652, 370, 2, 1, 5.5, 5.5, 0, 0, 0, 0, 0, 0, 0, 0, 0, 1, 1, 5),
(653, 370, 3, 1, 5, 5, 0, 0, 0, 0, 0, 0, 0, 0, 0, 1, 1, 5),
(654, 370, 4, 0, 0, 0, 0, 0, 0, 0, 0, 0, 0, 0, 0, 0, 0, 5),
(655, 371, 2, 0, 0, 0, 0, 0, 0, 0, 0, 0, 0, 0, 0, 0, 0, 6),
(656, 371, 3, 0, 0, 0, 0, 0, 0, 0, 0, 0, 0, 0, 0, 0, 0, 6),
(657, 371, 4, 1, 6, 6, 0, 0, 0, 0, 0, 0, 0, 0, 0, 1, 1, 6),
(658, 372, 2, 0, 0, 0, 0, 0, 0, 0, 0, 0, 0, 0, 0, 0, 0, 3),
(659, 372, 3, 0, 0, 0, 0, 0, 0, 0, 0, 0, 0, 0, 0, 0, 0, 3),
(660, 372, 4, 1, 6.5, 7, 0, 0, 0, 0, 0, 1, 0, 0, 0, 1, 1, 4),
(661, 373, 2, 0, 0, 0, 0, 0, 0, 0, 0, 0, 0, 0, 0, 0, 0, 2),
(662, 373, 3, 0, 0, 0, 0, 0, 0, 0, 0, 0, 0, 0, 0, 0, 0, 2),
(663, 373, 4, 0, 0, 0, 0, 0, 0, 0, 0, 0, 0, 0, 0, 0, 0, 2),
(664, 374, 2, 1, 5, 5, 0, 0, 0, 0, 0, 0, 0, 0, 0, 1, 1, 3),
(665, 374, 3, 1, 5, 5, 0, 0, 0, 0, 0, 0, 0, 0, 0, 1, 1, 3),
(666, 374, 4, 0, 0, 0, 0, 0, 0, 0, 0, 0, 0, 0, 0, 0, 0, 3),
(667, 375, 2, 0, 0, 0, 0, 0, 0, 0, 0, 0, 0, 0, 0, 0, 0, 5),
(668, 375, 3, 0, 0, 0, 0, 0, 0, 0, 0, 0, 0, 0, 0, 0, 0, 5),
(669, 375, 4, 0, 0, 0, 0, 0, 0, 0, 0, 0, 0, 0, 0, 0, 0, 5),
(670, 376, 2, 0, 0, 0, 0, 0, 0, 0, 0, 0, 0, 0, 0, 0, 0, 4),
(671, 376, 3, 0, 0, 0, 0, 0, 0, 0, 0, 0, 0, 0, 0, 0, 0, 4),
(672, 376, 4, 1, 6, 6, 0, 0, 0, 0, 0, 0, 0, 0, 0, 1, 0, 4),
(673, 377, 2, 0, 0, 0, 0, 0, 0, 0, 0, 0, 0, 0, 0, 0, 0, 4),
(674, 377, 3, 0, 0, 0, 0, 0, 0, 0, 0, 0, 0, 0, 0, 0, 0, 4),
(675, 377, 4, 0, 0, 0, 0, 0, 0, 0, 0, 0, 0, 0, 0, 0, 0, 4),
(676, 378, 2, 0, 0, 0, 0, 0, 0, 0, 0, 0, 0, 0, 0, 0, 0, 5),
(677, 378, 3, 0, 0, 0, 0, 0, 0, 0, 0, 0, 0, 0, 0, 0, 0, 5),
(678, 378, 4, 1, 4, 4.5, 0, 0, 0, 0, 0, 1, 0, 0, 0, 1, 1, 4),
(679, 379, 2, 0, 0, 0, 0, 0, 0, 0, 0, 0, 0, 0, 0, 0, 0, 11),
(680, 379, 3, 1, 6.5, 7, 0, 0, 0, 0, 0, 1, 0, 0, 0, 1, 1, 11),
(681, 379, 4, 1, 6, 6, 0, 0, 0, 0, 0, 0, 0, 0, 0, 1, 1, 11),
(682, 380, 2, 0, 0, 0, 0, 0, 0, 0, 0, 0, 0, 0, 0, 0, 0, 5),
(683, 380, 3, 0, 0, 0, 0, 0, 0, 0, 0, 0, 0, 0, 0, 0, 0, 5),
(684, 380, 4, 0, 0, 0, 0, 0, 0, 0, 0, 0, 0, 0, 0, 0, 0, 5),
(685, 501, 2, 1, 6, 6, 0, 0, 0, 0, 0, 0, 0, 0, 0, 1, 0, 5),
(686, 501, 3, 1, 5.5, 6, 0, 0, 0, 0, 0, 1, 0, 0, 0, 1, 0, 5),
(687, 501, 4, 0, 0, 0, 0, 0, 0, 0, 0, 0, 0, 0, 0, 1, 0, 5),
(688, 502, 2, 1, 6, 6.5, 0, 0, 0, 0, 0, 1, 0, 0, 0, 1, 0, 2),
(689, 502, 3, 1, 5, 5.5, 0, 0, 0, 0, 0, 1, 0, 0, 0, 1, 1, 2),
(690, 502, 4, 1, 5.5, 6, 0, 0, 0, 0, 0, 1, 0, 0, 0, 1, 0, 3),
(691, 503, 2, 1, 6, 6, 0, 0, 0, 0, 0, 0, 0, 0, 0, 1, 0, 13),
(692, 503, 3, 0, 0, 0, 0, 0, 0, 0, 0, 0, 0, 0, 0, 0, 0, 13),
(693, 503, 4, 0, 0, 0, 0, 0, 0, 0, 0, 0, 0, 0, 0, 0, 0, 13),
(694, 504, 2, 1, 6, 6, 0, 0, 0, 0, 0, 0, 0, 0, 0, 1, 1, 9),
(695, 504, 3, 0, 0, 0, 0, 0, 0, 0, 0, 0, 0, 0, 0, 0, 0, 9),
(696, 504, 4, 0, 0, 0, 0, 0, 0, 0, 0, 0, 0, 0, 0, 0, 0, 9),
(697, 505, 2, 1, 7, 6, 0, 0, 0, 0, 1, 0, 0, 0, 0, 1, 1, 13),
(698, 505, 3, 1, 9, 6, 1, 0, 0, 0, 0, 0, 0, 0, 0, 1, 1, 14),
(699, 505, 4, 1, 5, 5, 0, 0, 0, 0, 0, 0, 0, 0, 0, 1, 1, 14),
(700, 506, 2, 1, 6.5, 6.5, 0, 0, 0, 0, 0, 0, 0, 0, 0, 1, 1, 12),
(701, 506, 3, 1, 6, 6, 0, 0, 0, 0, 0, 0, 0, 0, 0, 1, 1, 12),
(702, 506, 4, 1, 6, 6, 0, 0, 0, 0, 0, 0, 0, 0, 0, 1, 1, 12),
(703, 507, 2, 0, 0, 0, 0, 0, 0, 0, 0, 0, 0, 0, 0, 0, 0, 8),
(704, 507, 3, 0, 0, 0, 0, 0, 0, 0, 0, 0, 0, 0, 0, 0, 0, 8),
(705, 507, 4, 0, 0, 0, 0, 0, 0, 0, 0, 0, 0, 0, 0, 0, 0, 7),
(706, 508, 2, 1, 6.5, 6.5, 0, 0, 0, 0, 0, 0, 0, 0, 0, 1, 1, 4),
(707, 508, 3, 1, 6, 6, 0, 0, 0, 0, 0, 0, 0, 0, 0, 1, 0, 4),
(708, 508, 4, 1, 6.5, 6.5, 0, 0, 0, 0, 0, 0, 0, 0, 0, 1, 1, 5),
(709, 509, 2, 1, 8, 7, 0, 0, 0, 0, 1, 0, 0, 0, 0, 1, 1, 7),
(710, 509, 3, 1, 6, 6, 0, 0, 0, 0, 0, 0, 0, 0, 0, 1, 1, 8),
(711, 509, 4, 1, 6.5, 6.5, 0, 0, 0, 0, 0, 0, 0, 0, 0, 1, 1, 8),
(712, 510, 2, 0, 0, 0, 0, 0, 0, 0, 0, 0, 0, 0, 0, 0, 0, 2),
(713, 510, 3, 1, 6, 6, 0, 0, 0, 0, 0, 0, 0, 0, 0, 1, 1, 2),
(714, 510, 4, 0, 0, 0, 0, 0, 0, 0, 0, 0, 0, 0, 0, 0, 0, 2),
(715, 511, 2, 1, 6.5, 6.5, 0, 0, 0, 0, 0, 0, 0, 0, 0, 1, 1, 9),
(716, 511, 3, 1, 5, 5.5, 0, 0, 0, 0, 0, 1, 0, 0, 0, 1, 1, 9),
(717, 511, 4, 1, 7.5, 6.5, 0, 0, 0, 0, 1, 0, 0, 0, 0, 1, 1, 10),
(718, 513, 2, 1, 5.5, 5.5, 0, 0, 0, 0, 0, 0, 0, 0, 0, 1, 0, 6),
(719, 513, 3, 1, 6, 6, 0, 0, 0, 0, 0, 0, 0, 0, 0, 1, 0, 6),
(720, 513, 4, 0, 0, 0, 0, 0, 0, 0, 0, 0, 0, 0, 0, 0, 0, 6),
(721, 514, 2, 1, 5.5, 5.5, 0, 0, 0, 0, 0, 0, 0, 0, 0, 1, 0, 9),
(722, 514, 3, 1, 7.5, 6.5, 0, 0, 0, 0, 1, 0, 0, 0, 0, 1, 0, 10),
(723, 514, 4, 1, 5.5, 6, 0, 0, 0, 0, 0, 1, 0, 0, 0, 1, 1, 10),
(724, 515, 2, 1, 5, 5.5, 0, 0, 0, 0, 0, 1, 0, 0, 0, 1, 1, 7),
(725, 515, 3, 1, 6, 6.5, 0, 0, 0, 0, 0, 1, 0, 0, 0, 1, 1, 7),
(726, 515, 4, 1, 5.5, 5.5, 0, 0, 0, 0, 0, 0, 0, 0, 0, 1, 1, 7),
(727, 516, 2, 1, 6, 6, 0, 0, 0, 0, 0, 0, 0, 0, 0, 1, 1, 9),
(728, 516, 3, 1, 6.5, 6.5, 0, 0, 0, 0, 0, 0, 0, 0, 0, 1, 1, 10),
(729, 516, 4, 1, 5.5, 5.5, 0, 0, 0, 0, 0, 0, 0, 0, 0, 1, 1, 9),
(730, 517, 2, 1, 4.5, 5.5, 0, 0, 0, 0, 0, 0, 1, 0, 0, 1, 0, 11),
(731, 517, 3, 0, 0, 0, 0, 0, 0, 0, 0, 0, 0, 0, 0, 0, 0, 11),
(732, 517, 4, 0, 0, 0, 0, 0, 0, 0, 0, 0, 0, 0, 0, 0, 0, 11),
(733, 518, 2, 0, 0, 0, 0, 0, 0, 0, 0, 0, 0, 0, 0, 0, 0, 5),
(734, 518, 3, 1, 6, 6, 0, 0, 0, 0, 0, 0, 0, 0, 0, 1, 0, 5),
(735, 518, 4, 1, 5.5, 5.5, 0, 0, 0, 0, 0, 0, 0, 0, 0, 1, 0, 5),
(736, 519, 2, 1, 6, 6, 0, 0, 0, 0, 0, 0, 0, 0, 0, 1, 1, 12),
(737, 519, 3, 0, 0, 0, 0, 0, 0, 0, 0, 0, 0, 0, 0, 0, 0, 12),
(738, 519, 4, 0, 0, 0, 0, 0, 0, 0, 0, 0, 0, 0, 0, 0, 0, 12),
(739, 521, 2, 1, 5, 5, 0, 0, 0, 0, 0, 0, 0, 0, 0, 1, 0, 7),
(740, 521, 3, 0, 0, 0, 0, 0, 0, 0, 0, 0, 0, 0, 0, 0, 0, 7),
(741, 521, 4, 1, 6, 6, 0, 0, 0, 0, 0, 0, 0, 0, 0, 1, 1, 7),
(742, 522, 2, 1, 6.5, 6.5, 0, 0, 0, 0, 0, 0, 0, 0, 0, 1, 1, 9),
(743, 522, 3, 1, 7.5, 6.5, 0, 0, 0, 0, 1, 0, 0, 0, 0, 1, 1, 10),
(744, 522, 4, 1, 6.5, 6.5, 0, 0, 0, 0, 0, 0, 0, 0, 0, 1, 1, 11),
(745, 524, 2, 0, 0, 0, 0, 0, 0, 0, 0, 0, 0, 0, 0, 0, 0, 5),
(746, 524, 3, 1, 5, 5.5, 0, 0, 0, 0, 0, 1, 0, 0, 0, 1, 0, 5),
(747, 524, 4, 1, 6.5, 6.5, 0, 0, 0, 0, 0, 0, 0, 0, 0, 1, 1, 5),
(748, 525, 2, 1, 6, 6, 0, 0, 0, 0, 0, 0, 0, 0, 0, 1, 1, 5),
(749, 525, 3, 1, 6, 6, 0, 0, 0, 0, 0, 0, 0, 0, 0, 1, 1, 6),
(750, 525, 4, 1, 6.5, 6.5, 0, 0, 0, 0, 0, 0, 0, 0, 0, 1, 1, 6),
(751, 526, 2, 1, 5.5, 5.5, 0, 0, 0, 0, 0, 0, 0, 0, 0, 1, 1, 16),
(752, 526, 3, 1, 5.5, 5.5, 0, 0, 0, 0, 0, 0, 0, 0, 0, 1, 1, 15),
(753, 526, 4, 1, 7.5, 4.5, 1, 0, 0, 0, 0, 0, 0, 0, 0, 1, 1, 16),
(754, 527, 2, 0, 0, 0, 0, 0, 0, 0, 0, 0, 0, 0, 0, 0, 0, 9),
(755, 527, 3, 0, 0, 0, 0, 0, 0, 0, 0, 0, 0, 0, 0, 0, 0, 9),
(756, 527, 4, 0, 0, 0, 0, 0, 0, 0, 0, 0, 0, 0, 0, 1, 0, 9),
(757, 528, 2, 1, 5.5, 6, 0, 0, 0, 0, 0, 1, 0, 0, 0, 1, 1, 9),
(758, 528, 3, 1, 6, 6, 0, 0, 0, 0, 0, 0, 0, 0, 0, 1, 1, 9),
(759, 528, 4, 1, 6, 6, 0, 0, 0, 0, 0, 0, 0, 0, 0, 1, 1, 9),
(760, 529, 2, 1, 6, 6, 0, 0, 0, 0, 0, 0, 0, 0, 0, 1, 0, 5),
(761, 529, 3, 0, 0, 0, 0, 0, 0, 0, 0, 0, 0, 0, 0, 0, 0, 5),
(762, 529, 4, 0, 0, 0, 0, 0, 0, 0, 0, 0, 0, 0, 0, 0, 0, 5),
(763, 531, 2, 0, 0, 0, 0, 0, 0, 0, 0, 0, 0, 0, 0, 0, 0, 4),
(764, 531, 3, 1, 5.5, 5.5, 0, 0, 0, 0, 0, 0, 0, 0, 0, 1, 0, 4),
(765, 531, 4, 1, 5.5, 6, 0, 0, 0, 0, 0, 1, 0, 0, 0, 1, 1, 4),
(766, 532, 2, 0, 0, 0, 0, 0, 0, 0, 0, 0, 0, 0, 0, 0, 0, 3),
(767, 532, 3, 0, 0, 0, 0, 0, 0, 0, 0, 0, 0, 0, 0, 0, 0, 3),
(768, 532, 4, 0, 0, 0, 0, 0, 0, 0, 0, 0, 0, 0, 0, 0, 0, 3),
(769, 533, 2, 0, 0, 0, 0, 0, 0, 0, 0, 0, 0, 0, 0, 0, 0, 2),
(770, 533, 3, 0, 0, 0, 0, 0, 0, 0, 0, 0, 0, 0, 0, 0, 0, 2),
(771, 533, 4, 0, 0, 0, 0, 0, 0, 0, 0, 0, 0, 0, 0, 0, 0, 2),
(772, 534, 2, 1, 10, 7, 1, 0, 0, 0, 0, 0, 0, 0, 0, 1, 1, 18),
(773, 534, 3, 1, 5.5, 5.5, 0, 0, 0, 0, 0, 0, 0, 0, 0, 1, 1, 17),
(774, 534, 4, 1, 10, 7, 1, 0, 0, 0, 0, 0, 0, 0, 0, 1, 1, 19),
(775, 535, 2, 1, 6.5, 6.5, 0, 0, 0, 0, 0, 0, 0, 0, 0, 1, 1, 5),
(776, 535, 3, 1, 6, 6, 0, 0, 0, 0, 0, 0, 0, 0, 0, 1, 1, 5),
(777, 535, 4, 1, 6, 6, 0, 0, 0, 0, 0, 0, 0, 0, 0, 1, 0, 5),
(778, 536, 2, 0, 0, 0, 0, 0, 0, 0, 0, 0, 0, 0, 0, 0, 0, 3),
(779, 536, 3, 0, 0, 0, 0, 0, 0, 0, 0, 0, 0, 0, 0, 0, 0, 3),
(780, 536, 4, 0, 0, 0, 0, 0, 0, 0, 0, 0, 0, 0, 0, 0, 0, 3),
(781, 537, 2, 1, 5.5, 5.5, 0, 0, 0, 0, 0, 0, 0, 0, 0, 1, 1, 7),
(782, 537, 3, 1, 5.5, 5.5, 0, 0, 0, 0, 0, 0, 0, 0, 0, 1, 0, 7),
(783, 537, 4, 1, 7, 6, 0, 0, 0, 0, 1, 0, 0, 0, 0, 1, 1, 8),
(784, 538, 2, 1, 5, 5, 0, 0, 0, 0, 0, 0, 0, 0, 0, 1, 1, 10),
(785, 538, 3, 1, 5, 5, 0, 0, 0, 0, 0, 0, 0, 0, 0, 1, 1, 9),
(786, 538, 4, 1, 9, 6, 1, 0, 0, 0, 0, 0, 0, 0, 0, 1, 1, 11),
(787, 539, 2, 1, 9, 6.5, 1, 0, 0, 0, 0, 1, 0, 0, 0, 1, 1, 13),
(788, 539, 3, 1, 5.5, 5.5, 0, 0, 0, 0, 0, 0, 0, 0, 0, 1, 1, 12),
(789, 539, 4, 1, 9.5, 6.5, 1, 0, 0, 0, 0, 0, 0, 0, 0, 1, 1, 14),
(790, 541, 2, 1, 6.5, 6.5, 0, 0, 0, 0, 0, 0, 0, 0, 0, 1, 1, 18),
(791, 541, 3, 1, 7.5, 7.5, 0, 0, 0, 0, 0, 0, 0, 0, 0, 1, 1, 19),
(792, 541, 4, 1, 5, 5.5, 0, 0, 0, 0, 0, 1, 0, 0, 0, 1, 1, 18),
(793, 542, 2, 0, 0, 0, 0, 0, 0, 0, 0, 0, 0, 0, 0, 0, 0, 3),
(794, 542, 3, 0, 0, 0, 0, 0, 0, 0, 0, 0, 0, 0, 0, 0, 0, 3),
(795, 542, 4, 0, 0, 0, 0, 0, 0, 0, 0, 0, 0, 0, 0, 0, 0, 3),
(796, 543, 2, 1, 6, 6, 0, 0, 0, 0, 0, 0, 0, 0, 0, 1, 0, 7),
(797, 543, 3, 0, 0, 0, 0, 0, 0, 0, 0, 0, 0, 0, 0, 0, 0, 7),
(798, 543, 4, 1, 5.5, 5.5, 0, 0, 0, 0, 0, 0, 0, 0, 0, 1, 1, 7),
(799, 544, 2, 1, 6.5, 6.5, 0, 0, 0, 0, 0, 0, 0, 0, 0, 1, 1, 14),
(800, 544, 3, 1, 7, 7, 0, 0, 0, 0, 0, 0, 0, 0, 0, 1, 1, 15),
(801, 544, 4, 0, 0, 0, 0, 0, 0, 0, 0, 0, 0, 0, 0, 0, 0, 14),
(802, 547, 2, 1, 9.5, 6.5, 1, 0, 0, 0, 0, 0, 0, 0, 0, 1, 1, 17),
(803, 547, 3, 1, 7, 7, 0, 0, 0, 0, 0, 0, 0, 0, 0, 1, 1, 17),
(804, 547, 4, 1, 5.5, 5.5, 0, 0, 0, 0, 0, 0, 0, 0, 0, 1, 1, 17),
(805, 548, 2, 0, 0, 0, 0, 0, 0, 0, 0, 0, 0, 0, 0, 0, 0, 2),
(806, 548, 3, 0, 0, 0, 0, 0, 0, 0, 0, 0, 0, 0, 0, 0, 0, 2),
(807, 548, 4, 0, 0, 0, 0, 0, 0, 0, 0, 0, 0, 0, 0, 0, 0, 2),
(808, 549, 2, 1, 6, 6, 0, 0, 0, 0, 0, 0, 0, 0, 0, 1, 1, 6),
(809, 549, 3, 0, 0, 0, 0, 0, 0, 0, 0, 0, 0, 0, 0, 1, 0, 6),
(810, 549, 4, 1, 6.5, 6.5, 0, 0, 0, 0, 0, 0, 0, 0, 0, 1, 1, 7),
(811, 551, 2, 0, 0, 0, 0, 0, 0, 0, 0, 0, 0, 0, 0, 0, 0, 1),
(812, 551, 3, 0, 0, 0, 0, 0, 0, 0, 0, 0, 0, 0, 0, 0, 0, 1),
(813, 551, 4, 0, 0, 0, 0, 0, 0, 0, 0, 0, 0, 0, 0, 0, 0, 1),
(814, 552, 2, 0, 0, 0, 0, 0, 0, 0, 0, 0, 0, 0, 0, 0, 0, 5),
(815, 552, 3, 0, 0, 0, 0, 0, 0, 0, 0, 0, 0, 0, 0, 0, 0, 5),
(816, 552, 4, 0, 0, 0, 0, 0, 0, 0, 0, 0, 0, 0, 0, 0, 0, 5),
(817, 553, 2, 0, 0, 0, 0, 0, 0, 0, 0, 0, 0, 0, 0, 0, 0, 11),
(818, 553, 3, 0, 0, 0, 0, 0, 0, 0, 0, 0, 0, 0, 0, 0, 0, 11),
(819, 553, 4, 0, 0, 0, 0, 0, 0, 0, 0, 0, 0, 0, 0, 0, 0, 10),
(820, 554, 2, 1, 6, 6, 0, 0, 0, 0, 0, 0, 0, 0, 0, 1, 1, 10),
(821, 554, 3, 1, 5.5, 6, 0, 0, 0, 0, 0, 1, 0, 0, 0, 1, 1, 10),
(822, 554, 4, 0, 0, 0, 0, 0, 0, 0, 0, 0, 0, 0, 0, 0, 0, 10),
(823, 555, 2, 0, 0, 0, 0, 0, 0, 0, 0, 0, 0, 0, 0, 0, 0, 9),
(824, 555, 3, 0, 0, 0, 0, 0, 0, 0, 0, 0, 0, 0, 0, 0, 0, 9),
(825, 555, 4, 0, 0, 0, 0, 0, 0, 0, 0, 0, 0, 0, 0, 0, 0, 8),
(826, 556, 2, 1, 6, 6, 0, 0, 0, 0, 0, 0, 0, 0, 0, 1, 1, 10),
(827, 556, 3, 1, 6.5, 6.5, 0, 0, 0, 0, 0, 0, 0, 0, 0, 1, 0, 10),
(828, 556, 4, 1, 5.5, 5.5, 0, 0, 0, 0, 0, 0, 0, 0, 0, 1, 1, 10),
(829, 557, 2, 0, 0, 0, 0, 0, 0, 0, 0, 0, 0, 0, 0, 0, 0, 3),
(830, 557, 3, 0, 0, 0, 0, 0, 0, 0, 0, 0, 0, 0, 0, 0, 0, 3),
(831, 557, 4, 0, 0, 0, 0, 0, 0, 0, 0, 0, 0, 0, 0, 0, 0, 3),
(832, 558, 2, 0, 0, 0, 0, 0, 0, 0, 0, 0, 0, 0, 0, 0, 0, 4),
(833, 558, 3, 0, 0, 0, 0, 0, 0, 0, 0, 0, 0, 0, 0, 1, 0, 4),
(834, 558, 4, 1, 10, 7, 1, 0, 0, 1, 0, 0, 0, 0, 0, 1, 0, 6),
(835, 559, 2, 0, 0, 0, 0, 0, 0, 0, 0, 0, 0, 0, 0, 0, 0, 5),
(836, 559, 3, 1, 5.5, 5.5, 0, 0, 0, 0, 0, 0, 0, 0, 0, 1, 0, 5),
(837, 559, 4, 1, 5, 5, 0, 0, 0, 0, 0, 0, 0, 0, 0, 1, 0, 5),
(838, 560, 2, 0, 0, 0, 0, 0, 0, 0, 0, 0, 0, 0, 0, 0, 0, 5),
(839, 560, 3, 0, 0, 0, 0, 0, 0, 0, 0, 0, 0, 0, 0, 0, 0, 5),
(840, 560, 4, 0, 0, 0, 0, 0, 0, 0, 0, 0, 0, 0, 0, 0, 0, 5),
(841, 561, 2, 0, 0, 0, 0, 0, 0, 0, 0, 0, 0, 0, 0, 0, 0, 4),
(842, 561, 3, 0, 0, 0, 0, 0, 0, 0, 0, 0, 0, 0, 0, 0, 0, 4),
(843, 561, 4, 0, 0, 0, 0, 0, 0, 0, 0, 0, 0, 0, 0, 0, 0, 4),
(844, 562, 2, 0, 0, 0, 0, 0, 0, 0, 0, 0, 0, 0, 0, 0, 0, 7),
(845, 562, 3, 0, 0, 0, 0, 0, 0, 0, 0, 0, 0, 0, 0, 0, 0, 7);
INSERT INTO `voto` (`id`, `idGiocatore`, `idGiornata`, `valutato`, `punti`, `voto`, `gol`, `golSubiti`, `golVittoria`, `golPareggio`, `assist`, `ammonizioni`, `espulsioni`, `rigoriSegnati`, `rigoriSubiti`, `presenza`, `titolare`, `quotazione`) VALUES
(846, 562, 4, 0, 0, 0, 0, 0, 0, 0, 0, 0, 0, 0, 0, 0, 0, 6),
(847, 564, 2, 1, 4, 4, 0, 0, 0, 0, 0, 0, 0, 0, 0, 1, 1, 7),
(848, 564, 3, 1, 5.5, 5.5, 0, 0, 0, 0, 0, 0, 0, 0, 0, 1, 1, 7),
(849, 564, 4, 0, 0, 0, 0, 0, 0, 0, 0, 0, 0, 0, 0, 1, 0, 7),
(850, 565, 2, 0, 0, 0, 0, 0, 0, 0, 0, 0, 0, 0, 0, 0, 0, 5),
(851, 565, 3, 1, 7.5, 7, 0, 0, 0, 0, 1, 1, 0, 0, 0, 1, 1, 6),
(852, 565, 4, 1, 5.5, 5.5, 0, 0, 0, 0, 0, 0, 0, 0, 0, 1, 1, 6),
(853, 566, 2, 1, 5.5, 5.5, 0, 0, 0, 0, 0, 0, 0, 0, 0, 1, 1, 8),
(854, 566, 3, 0, 0, 0, 0, 0, 0, 0, 0, 0, 0, 0, 0, 0, 0, 8),
(855, 566, 4, 0, 0, 0, 0, 0, 0, 0, 0, 0, 0, 0, 0, 0, 0, 8),
(856, 567, 2, 1, 5.5, 6, 0, 0, 0, 0, 0, 1, 0, 0, 0, 1, 1, 7),
(857, 567, 3, 1, 10, 7, 1, 0, 1, 0, 0, 0, 0, 0, 0, 1, 1, 9),
(858, 567, 4, 1, 6, 6, 0, 0, 0, 0, 0, 0, 0, 0, 0, 1, 1, 9),
(859, 568, 2, 0, 0, 0, 0, 0, 0, 0, 0, 0, 0, 0, 0, 0, 0, 6),
(860, 568, 3, 0, 0, 0, 0, 0, 0, 0, 0, 0, 0, 0, 0, 1, 0, 6),
(861, 568, 4, 1, 6.5, 6.5, 0, 0, 0, 0, 0, 0, 0, 0, 0, 1, 0, 6),
(862, 569, 2, 1, 5.5, 5.5, 0, 0, 0, 0, 0, 0, 0, 0, 0, 1, 1, 11),
(863, 569, 3, 1, 6, 6, 0, 0, 0, 0, 0, 0, 0, 0, 0, 1, 1, 11),
(864, 569, 4, 1, 5, 5, 0, 0, 0, 0, 0, 0, 0, 0, 0, 1, 1, 11),
(865, 570, 2, 1, 5.5, 5.5, 0, 0, 0, 0, 0, 0, 0, 0, 0, 1, 0, 3),
(866, 570, 3, 0, 0, 0, 0, 0, 0, 0, 0, 0, 0, 0, 0, 0, 0, 3),
(867, 570, 4, 1, 6, 6, 0, 0, 0, 0, 0, 0, 0, 0, 0, 1, 1, 4),
(868, 571, 2, 0, 0, 0, 0, 0, 0, 0, 0, 0, 0, 0, 0, 0, 0, 3),
(869, 571, 3, 0, 0, 0, 0, 0, 0, 0, 0, 0, 0, 0, 0, 0, 0, 3),
(870, 571, 4, 0, 0, 0, 0, 0, 0, 0, 0, 0, 0, 0, 0, 0, 0, 3),
(871, 572, 2, 0, 0, 0, 0, 0, 0, 0, 0, 0, 0, 0, 0, 0, 0, 1),
(872, 572, 3, 0, 0, 0, 0, 0, 0, 0, 0, 0, 0, 0, 0, 0, 0, 1),
(873, 572, 4, 0, 0, 0, 0, 0, 0, 0, 0, 0, 0, 0, 0, 0, 0, 1),
(874, 573, 2, 0, 0, 0, 0, 0, 0, 0, 0, 0, 0, 0, 0, 0, 0, 3),
(875, 573, 3, 1, 5.5, 5.5, 0, 0, 0, 0, 0, 0, 0, 0, 0, 1, 0, 3),
(876, 573, 4, 1, 6, 6, 0, 0, 0, 0, 0, 0, 0, 0, 0, 1, 1, 4),
(877, 574, 2, 0, 0, 0, 0, 0, 0, 0, 0, 0, 0, 0, 0, 0, 0, 6),
(878, 574, 3, 1, 10, 7, 1, 0, 0, 0, 0, 0, 0, 0, 0, 1, 1, 8),
(879, 574, 4, 1, 3, 4, 0, 0, 0, 0, 0, 0, 1, 0, 0, 1, 1, 7),
(880, 575, 2, 1, 9, 6, 1, 0, 0, 0, 0, 0, 0, 0, 0, 1, 1, 7),
(881, 575, 3, 1, 6, 6, 0, 0, 0, 0, 0, 0, 0, 0, 0, 1, 1, 7),
(882, 575, 4, 1, 6, 6, 0, 0, 0, 0, 0, 0, 0, 0, 0, 1, 1, 7),
(883, 576, 2, 1, 11, 7, 1, 0, 0, 0, 1, 0, 0, 0, 0, 1, 0, 26),
(884, 576, 3, 1, 6, 6, 0, 0, 0, 0, 0, 0, 0, 0, 0, 1, 1, 26),
(885, 576, 4, 1, 5, 5, 0, 0, 0, 0, 0, 0, 0, 0, 0, 1, 0, 25),
(886, 577, 2, 1, 5.5, 5.5, 0, 0, 0, 0, 0, 0, 0, 0, 0, 1, 1, 22),
(887, 577, 3, 1, 4.5, 4.5, 0, 0, 0, 0, 0, 0, 0, 0, 0, 1, 1, 21),
(888, 577, 4, 1, 8.5, 6, 1, 0, 0, 0, 0, 1, 0, 1, 0, 1, 1, 22),
(889, 578, 2, 1, 7, 6, 0, 0, 0, 0, 1, 0, 0, 0, 0, 1, 1, 9),
(890, 578, 3, 1, 6, 6, 0, 0, 0, 0, 0, 0, 0, 0, 0, 1, 1, 9),
(891, 578, 4, 1, 6, 6, 0, 0, 0, 0, 0, 0, 0, 0, 0, 1, 1, 9),
(892, 579, 2, 1, 6, 6, 0, 0, 0, 0, 0, 0, 0, 0, 0, 1, 0, 6),
(893, 579, 3, 1, 6, 6, 0, 0, 0, 0, 0, 0, 0, 0, 0, 1, 0, 7),
(894, 579, 4, 1, 5.5, 5.5, 0, 0, 0, 0, 0, 0, 0, 0, 0, 1, 0, 7),
(895, 580, 2, 1, 6, 6, 0, 0, 0, 0, 0, 0, 0, 0, 0, 1, 1, 17),
(896, 580, 3, 1, 4.5, 5, 0, 0, 0, 0, 0, 1, 0, 0, 0, 1, 1, 16),
(897, 580, 4, 0, 0, 0, 0, 0, 0, 0, 0, 0, 0, 0, 0, 0, 0, 16),
(898, 581, 2, 1, 6.5, 6.5, 0, 0, 0, 0, 0, 0, 0, 0, 0, 1, 1, 13),
(899, 581, 3, 1, 7.5, 7.5, 0, 0, 0, 0, 0, 0, 0, 0, 0, 1, 1, 14),
(900, 581, 4, 1, 4.5, 5, 0, 0, 0, 0, 0, 1, 0, 0, 0, 1, 0, 13),
(901, 582, 2, 0, 0, 0, 0, 0, 0, 0, 0, 0, 0, 0, 0, 0, 0, 12),
(902, 582, 3, 1, 10, 7, 1, 0, 0, 0, 0, 0, 0, 0, 0, 1, 1, 14),
(903, 582, 4, 1, 5.5, 5.5, 0, 0, 0, 0, 0, 0, 0, 0, 0, 1, 1, 14),
(904, 583, 2, 0, 0, 0, 0, 0, 0, 0, 0, 0, 0, 0, 0, 0, 0, 7),
(905, 583, 3, 0, 0, 0, 0, 0, 0, 0, 0, 0, 0, 0, 0, 0, 0, 7),
(906, 583, 4, 0, 0, 0, 0, 0, 0, 0, 0, 0, 0, 0, 0, 0, 0, 6),
(907, 584, 2, 0, 0, 0, 0, 0, 0, 0, 0, 0, 0, 0, 0, 0, 0, 4),
(908, 584, 3, 0, 0, 0, 0, 0, 0, 0, 0, 0, 0, 0, 0, 0, 0, 4),
(909, 584, 4, 0, 0, 0, 0, 0, 0, 0, 0, 0, 0, 0, 0, 0, 0, 4),
(910, 586, 2, 0, 0, 0, 0, 0, 0, 0, 0, 0, 0, 0, 0, 0, 0, 5),
(911, 586, 3, 1, 8, 7, 0, 0, 0, 0, 1, 0, 0, 0, 0, 1, 0, 6),
(912, 586, 4, 1, 6.5, 6.5, 0, 0, 0, 0, 0, 0, 0, 0, 0, 1, 1, 7),
(913, 587, 2, 1, 7.5, 6.5, 0, 0, 0, 0, 1, 0, 0, 0, 0, 1, 1, 19),
(914, 587, 3, 1, 5.5, 5.5, 0, 0, 0, 0, 0, 0, 0, 0, 0, 1, 1, 18),
(915, 587, 4, 1, 13.5, 7.5, 2, 0, 1, 0, 0, 0, 0, 0, 0, 1, 1, 22),
(916, 589, 2, 1, 6, 6, 0, 0, 0, 0, 0, 0, 0, 0, 0, 1, 0, 8),
(917, 589, 3, 1, 5, 5, 0, 0, 0, 0, 0, 0, 0, 0, 0, 1, 1, 8),
(918, 589, 4, 1, 7, 6, 0, 0, 0, 0, 1, 0, 0, 0, 0, 1, 0, 9),
(919, 590, 2, 1, 6, 6, 0, 0, 0, 0, 0, 0, 0, 0, 0, 1, 0, 16),
(920, 590, 3, 0, 0, 0, 0, 0, 0, 0, 0, 0, 0, 0, 0, 0, 0, 16),
(921, 590, 4, 1, 5, 5, 0, 0, 0, 0, 0, 0, 0, 0, 0, 1, 1, 15),
(922, 591, 2, 1, 6, 6, 0, 0, 0, 0, 0, 0, 0, 0, 0, 1, 1, 3),
(923, 591, 3, 0, 0, 0, 0, 0, 0, 0, 0, 0, 0, 0, 0, 0, 0, 3),
(924, 591, 4, 1, 6.5, 6.5, 0, 0, 0, 0, 0, 0, 0, 0, 0, 1, 0, 4),
(925, 592, 2, 1, 5, 5, 0, 0, 0, 0, 0, 0, 0, 0, 0, 1, 1, 12),
(926, 592, 3, 1, 9.5, 6.5, 1, 0, 1, 0, 0, 0, 0, 0, 0, 1, 1, 13),
(927, 592, 4, 1, 6, 6, 0, 0, 0, 0, 0, 0, 0, 0, 0, 1, 1, 13),
(928, 594, 2, 0, 0, 0, 0, 0, 0, 0, 0, 0, 0, 0, 0, 0, 0, 16),
(929, 594, 3, 0, 0, 0, 0, 0, 0, 0, 0, 0, 0, 0, 0, 0, 0, 15),
(930, 594, 4, 0, 0, 0, 0, 0, 0, 0, 0, 0, 0, 0, 0, 0, 0, 15),
(931, 595, 2, 1, 6, 6.5, 0, 0, 0, 0, 0, 1, 0, 0, 0, 1, 1, 10),
(932, 595, 3, 0, 0, 0, 0, 0, 0, 0, 0, 0, 0, 0, 0, 0, 0, 10),
(933, 595, 4, 0, 0, 0, 0, 0, 0, 0, 0, 0, 0, 0, 0, 0, 0, 10),
(934, 596, 2, 1, 5.5, 5.5, 0, 0, 0, 0, 0, 0, 0, 0, 0, 1, 1, 10),
(935, 596, 3, 1, 5.5, 5.5, 0, 0, 0, 0, 0, 0, 0, 0, 0, 1, 0, 10),
(936, 596, 4, 1, 6, 6, 0, 0, 0, 0, 0, 0, 0, 0, 0, 1, 1, 10),
(937, 597, 2, 0, 0, 0, 0, 0, 0, 0, 0, 0, 0, 0, 0, 0, 0, 8),
(938, 597, 3, 0, 0, 0, 0, 0, 0, 0, 0, 0, 0, 0, 0, 0, 0, 8),
(939, 597, 4, 1, 4.5, 5, 0, 0, 0, 0, 0, 1, 0, 0, 0, 1, 1, 7),
(940, 598, 2, 0, 0, 0, 0, 0, 0, 0, 0, 0, 0, 0, 0, 0, 0, 11),
(941, 598, 3, 0, 0, 0, 0, 0, 0, 0, 0, 0, 0, 0, 0, 0, 0, 11),
(942, 598, 4, 0, 0, 0, 0, 0, 0, 0, 0, 0, 0, 0, 0, 0, 0, 10),
(943, 599, 2, 0, 0, 0, 0, 0, 0, 0, 0, 0, 0, 0, 0, 0, 0, 8),
(944, 599, 3, 0, 0, 0, 0, 0, 0, 0, 0, 0, 0, 0, 0, 0, 0, 8),
(945, 599, 4, 0, 0, 0, 0, 0, 0, 0, 0, 0, 0, 0, 0, 0, 0, 7),
(946, 600, 2, 1, 6, 6, 0, 0, 0, 0, 0, 0, 0, 0, 0, 1, 0, 15),
(947, 600, 3, 1, 6.5, 6.5, 0, 0, 0, 0, 0, 0, 0, 0, 0, 1, 1, 15),
(948, 600, 4, 1, 6, 6, 0, 0, 0, 0, 0, 0, 0, 0, 0, 1, 1, 15),
(949, 601, 2, 0, 0, 0, 0, 0, 0, 0, 0, 0, 0, 0, 0, 0, 0, 6),
(950, 601, 3, 0, 0, 0, 0, 0, 0, 0, 0, 0, 0, 0, 0, 0, 0, 6),
(951, 601, 4, 0, 0, 0, 0, 0, 0, 0, 0, 0, 0, 0, 0, 0, 0, 6),
(952, 603, 2, 1, 6, 6, 0, 0, 0, 0, 0, 0, 0, 0, 0, 1, 1, 12),
(953, 603, 3, 1, 8, 7, 0, 0, 0, 0, 1, 0, 0, 0, 0, 1, 1, 13),
(954, 603, 4, 1, 5.5, 5.5, 0, 0, 0, 0, 0, 0, 0, 0, 0, 1, 1, 13),
(955, 605, 2, 1, 5.5, 5.5, 0, 0, 0, 0, 0, 0, 0, 0, 0, 1, 1, 4),
(956, 605, 3, 1, 6.5, 6.5, 0, 0, 0, 0, 0, 0, 0, 0, 0, 1, 1, 5),
(957, 605, 4, 0, 0, 0, 0, 0, 0, 0, 0, 0, 0, 0, 0, 0, 0, 5),
(958, 606, 2, 0, 0, 0, 0, 0, 0, 0, 0, 0, 0, 0, 0, 0, 0, 4),
(959, 606, 3, 0, 0, 0, 0, 0, 0, 0, 0, 0, 0, 0, 0, 0, 0, 4),
(960, 606, 4, 0, 0, 0, 0, 0, 0, 0, 0, 0, 0, 0, 0, 0, 0, 4),
(961, 607, 2, 1, 10, 7, 1, 0, 0, 0, 0, 0, 0, 0, 0, 1, 1, 11),
(962, 607, 3, 1, 6, 6, 0, 0, 0, 0, 0, 0, 0, 0, 0, 1, 1, 11),
(963, 607, 4, 1, 7, 7, 0, 0, 0, 0, 0, 0, 0, 0, 0, 1, 1, 12),
(964, 608, 2, 1, 9.5, 6.5, 1, 0, 0, 0, 0, 0, 0, 0, 0, 1, 1, 5),
(965, 608, 3, 1, 5, 5, 0, 0, 0, 0, 0, 0, 0, 0, 0, 1, 1, 5),
(966, 608, 4, 1, 6.5, 6.5, 0, 0, 0, 0, 0, 0, 0, 0, 0, 1, 0, 6),
(967, 610, 2, 0, 0, 0, 0, 0, 0, 0, 0, 0, 0, 0, 0, 0, 0, 1),
(968, 610, 3, 0, 0, 0, 0, 0, 0, 0, 0, 0, 0, 0, 0, 0, 0, 1),
(969, 610, 4, 0, 0, 0, 0, 0, 0, 0, 0, 0, 0, 0, 0, 0, 0, 1),
(970, 611, 2, 1, 5, 5, 0, 0, 0, 0, 0, 0, 0, 0, 0, 1, 0, 7),
(971, 611, 3, 1, 6, 6, 0, 0, 0, 0, 0, 0, 0, 0, 0, 1, 0, 7),
(972, 611, 4, 0, 0, 0, 0, 0, 0, 0, 0, 0, 0, 0, 0, 0, 0, 7),
(973, 612, 2, 0, 0, 0, 0, 0, 0, 0, 0, 0, 0, 0, 0, 0, 0, 6),
(974, 612, 3, 0, 0, 0, 0, 0, 0, 0, 0, 0, 0, 0, 0, 0, 0, 6),
(975, 612, 4, 1, 5.5, 5.5, 0, 0, 0, 0, 0, 0, 0, 0, 0, 1, 0, 6),
(976, 613, 2, 0, 0, 0, 0, 0, 0, 0, 0, 0, 0, 0, 0, 1, 0, 4),
(977, 613, 3, 1, 6, 6, 0, 0, 0, 0, 0, 0, 0, 0, 0, 1, 1, 4),
(978, 613, 4, 1, 6, 6, 0, 0, 0, 0, 0, 0, 0, 0, 0, 1, 0, 5),
(979, 614, 2, 1, 7.5, 6.5, 0, 0, 0, 0, 1, 0, 0, 0, 0, 1, 1, 17),
(980, 614, 3, 0, 0, 0, 0, 0, 0, 0, 0, 0, 0, 0, 0, 0, 0, 16),
(981, 614, 4, 0, 0, 0, 0, 0, 0, 0, 0, 0, 0, 0, 0, 0, 0, 16),
(982, 615, 2, 1, 5.5, 6, 0, 0, 0, 0, 0, 1, 0, 0, 0, 1, 0, 10),
(983, 615, 3, 0, 0, 0, 0, 0, 0, 0, 0, 0, 0, 0, 0, 0, 0, 10),
(984, 615, 4, 1, 7.5, 6.5, 0, 0, 0, 0, 1, 0, 0, 0, 0, 1, 1, 11),
(985, 617, 2, 0, 0, 0, 0, 0, 0, 0, 0, 0, 0, 0, 0, 0, 0, 3),
(986, 617, 3, 0, 0, 0, 0, 0, 0, 0, 0, 0, 0, 0, 0, 0, 0, 3),
(987, 617, 4, 0, 0, 0, 0, 0, 0, 0, 0, 0, 0, 0, 0, 0, 0, 3),
(988, 618, 2, 1, 5, 5.5, 0, 0, 0, 0, 0, 1, 0, 0, 0, 1, 1, 8),
(989, 618, 3, 1, 6.5, 6.5, 0, 0, 0, 0, 0, 0, 0, 0, 0, 1, 1, 8),
(990, 618, 4, 1, 8, 5, 1, 0, 0, 0, 0, 0, 0, 0, 0, 1, 1, 9),
(991, 619, 2, 1, 6.5, 6.5, 0, 0, 0, 0, 0, 0, 0, 0, 0, 1, 1, 7),
(992, 619, 3, 1, 7, 7, 0, 0, 0, 0, 0, 0, 0, 0, 0, 1, 1, 8),
(993, 619, 4, 1, 6, 6, 0, 0, 0, 0, 0, 0, 0, 0, 0, 1, 1, 8),
(994, 620, 2, 1, 4.5, 4.5, 0, 0, 0, 0, 0, 0, 0, 0, 0, 1, 1, 4),
(995, 620, 3, 1, 5.5, 5.5, 0, 0, 0, 0, 0, 0, 0, 0, 0, 1, 1, 4),
(996, 620, 4, 1, 5, 5, 0, 0, 0, 0, 0, 0, 0, 0, 0, 1, 1, 4),
(997, 621, 2, 1, 6.5, 6.5, 0, 0, 0, 0, 0, 0, 0, 0, 0, 1, 1, 12),
(998, 621, 3, 1, 4.5, 5, 0, 0, 0, 0, 0, 1, 0, 0, 0, 1, 1, 12),
(999, 621, 4, 1, 6.5, 6.5, 0, 0, 0, 0, 0, 0, 0, 0, 0, 1, 1, 12),
(1000, 623, 2, 1, 4.5, 4.5, 0, 0, 0, 0, 0, 0, 0, 0, 0, 1, 1, 6),
(1001, 623, 3, 1, 5.5, 5.5, 0, 0, 0, 0, 0, 0, 0, 0, 0, 1, 1, 6),
(1002, 623, 4, 1, 5.5, 5.5, 0, 0, 0, 0, 0, 0, 0, 0, 0, 1, 1, 6),
(1003, 624, 2, 1, 6, 6, 0, 0, 0, 0, 0, 0, 0, 0, 0, 1, 1, 6),
(1004, 624, 3, 1, 5, 5.5, 0, 0, 0, 0, 0, 1, 0, 0, 0, 1, 1, 6),
(1005, 624, 4, 1, 6.5, 6.5, 0, 0, 0, 0, 0, 0, 0, 0, 0, 1, 1, 7),
(1006, 625, 2, 0, 0, 0, 0, 0, 0, 0, 0, 0, 0, 0, 0, 0, 0, 8),
(1007, 625, 3, 1, 5, 5.5, 0, 0, 0, 0, 0, 1, 0, 0, 0, 1, 0, 8),
(1008, 625, 4, 0, 0, 0, 0, 0, 0, 0, 0, 0, 0, 0, 0, 0, 0, 8),
(1009, 626, 2, 0, 0, 0, 0, 0, 0, 0, 0, 0, 0, 0, 0, 0, 0, 4),
(1010, 626, 3, 0, 0, 0, 0, 0, 0, 0, 0, 0, 0, 0, 0, 1, 0, 4),
(1011, 626, 4, 0, 0, 0, 0, 0, 0, 0, 0, 0, 0, 0, 0, 0, 0, 4),
(1012, 627, 2, 1, 6, 6.5, 0, 0, 0, 0, 0, 1, 0, 0, 0, 1, 1, 12),
(1013, 627, 3, 1, 7, 7, 0, 0, 0, 0, 0, 0, 0, 0, 0, 1, 1, 13),
(1014, 627, 4, 1, 9.5, 6.5, 1, 0, 0, 0, 0, 0, 0, 0, 0, 1, 1, 14),
(1015, 628, 2, 1, 6, 6, 0, 0, 0, 0, 0, 0, 0, 0, 0, 1, 0, 11),
(1016, 628, 3, 1, 4.5, 5, 0, 0, 0, 0, 0, 1, 0, 0, 0, 1, 1, 10),
(1017, 628, 4, 1, 5.5, 6, 0, 0, 0, 0, 0, 1, 0, 0, 0, 1, 1, 10),
(1018, 629, 2, 0, 0, 0, 0, 0, 0, 0, 0, 0, 0, 0, 0, 0, 0, 2),
(1019, 629, 3, 0, 0, 0, 0, 0, 0, 0, 0, 0, 0, 0, 0, 0, 0, 2),
(1020, 629, 4, 0, 0, 0, 0, 0, 0, 0, 0, 0, 0, 0, 0, 0, 0, 2),
(1021, 630, 2, 1, 6, 6, 0, 0, 0, 0, 0, 0, 0, 0, 0, 1, 0, 1),
(1022, 630, 3, 1, 5.5, 5.5, 0, 0, 0, 0, 0, 0, 0, 0, 0, 1, 1, 1),
(1023, 630, 4, 1, 4.5, 5, 0, 0, 0, 0, 0, 1, 0, 0, 0, 1, 0, 1),
(1024, 631, 2, 1, 5, 5, 0, 0, 0, 0, 0, 0, 0, 0, 0, 1, 1, 3),
(1025, 631, 3, 1, 7, 7, 0, 0, 0, 0, 0, 0, 0, 0, 0, 1, 1, 4),
(1026, 631, 4, 1, 6, 6, 0, 0, 0, 0, 0, 0, 0, 0, 0, 1, 1, 4),
(1027, 632, 2, 0, 0, 0, 0, 0, 0, 0, 0, 0, 0, 0, 0, 0, 0, 9),
(1028, 632, 3, 0, 0, 0, 0, 0, 0, 0, 0, 0, 0, 0, 0, 0, 0, 9),
(1029, 632, 4, 0, 0, 0, 0, 0, 0, 0, 0, 0, 0, 0, 0, 0, 0, 8),
(1030, 633, 2, 1, 6, 6.5, 0, 0, 0, 0, 0, 1, 0, 0, 0, 1, 1, 11),
(1031, 633, 3, 1, 6.5, 6.5, 0, 0, 0, 0, 0, 0, 0, 0, 0, 1, 1, 11),
(1032, 633, 4, 1, 6.5, 6.5, 0, 0, 0, 0, 0, 0, 0, 0, 0, 1, 1, 12),
(1033, 634, 2, 0, 0, 0, 0, 0, 0, 0, 0, 0, 0, 0, 0, 0, 0, 9),
(1034, 634, 3, 0, 0, 0, 0, 0, 0, 0, 0, 0, 0, 0, 0, 0, 0, 9),
(1035, 634, 4, 0, 0, 0, 0, 0, 0, 0, 0, 0, 0, 0, 0, 0, 0, 8),
(1036, 636, 2, 1, 5.5, 5.5, 0, 0, 0, 0, 0, 0, 0, 0, 0, 1, 1, 12),
(1037, 636, 3, 1, 5.5, 5.5, 0, 0, 0, 0, 0, 0, 0, 0, 0, 1, 1, 12),
(1038, 636, 4, 1, 5, 5.5, 0, 0, 0, 0, 0, 1, 0, 0, 0, 1, 1, 11),
(1039, 637, 2, 0, 0, 0, 0, 0, 0, 0, 0, 0, 0, 0, 0, 0, 0, 1),
(1040, 637, 3, 1, 6, 6, 0, 0, 0, 0, 0, 0, 0, 0, 0, 1, 1, 1),
(1041, 637, 4, 1, 6.5, 6.5, 0, 0, 0, 0, 0, 0, 0, 0, 0, 1, 1, 1),
(1042, 639, 2, 0, 0, 0, 0, 0, 0, 0, 0, 0, 0, 0, 0, 0, 0, 6),
(1043, 639, 3, 0, 0, 0, 0, 0, 0, 0, 0, 0, 0, 0, 0, 0, 0, 6),
(1044, 639, 4, 0, 0, 0, 0, 0, 0, 0, 0, 0, 0, 0, 0, 0, 0, 6),
(1045, 640, 2, 1, 10, 7, 1, 0, 1, 0, 0, 0, 0, 0, 0, 1, 1, 11),
(1046, 640, 3, 1, 7, 7, 0, 0, 0, 0, 0, 0, 0, 0, 0, 1, 1, 12),
(1047, 640, 4, 1, 5.5, 6, 0, 0, 0, 0, 0, 1, 0, 0, 0, 1, 1, 12),
(1048, 641, 2, 1, 5, 5, 0, 0, 0, 0, 0, 0, 0, 0, 0, 1, 1, 8),
(1049, 641, 3, 1, 4.5, 5, 0, 0, 0, 0, 0, 1, 0, 0, 0, 1, 1, 7),
(1050, 641, 4, 1, 5.5, 6, 0, 0, 0, 0, 0, 1, 0, 0, 0, 1, 1, 7),
(1051, 642, 2, 1, 5.5, 5.5, 0, 0, 0, 0, 0, 0, 0, 0, 0, 1, 1, 10),
(1052, 642, 3, 1, 6, 6, 0, 0, 0, 0, 0, 0, 0, 0, 0, 1, 1, 10),
(1053, 642, 4, 1, 6, 6, 0, 0, 0, 0, 0, 0, 0, 0, 0, 1, 1, 10),
(1054, 643, 2, 1, 5, 5, 0, 0, 0, 0, 0, 0, 0, 0, 0, 1, 1, 4),
(1055, 643, 3, 0, 0, 0, 0, 0, 0, 0, 0, 0, 0, 0, 0, 0, 0, 4),
(1056, 643, 4, 0, 0, 0, 0, 0, 0, 0, 0, 0, 0, 0, 0, 0, 0, 4),
(1057, 645, 2, 0, 0, 0, 0, 0, 0, 0, 0, 0, 0, 0, 0, 1, 0, 9),
(1058, 645, 3, 1, 5.5, 6, 0, 0, 0, 0, 0, 1, 0, 0, 0, 1, 1, 9),
(1059, 645, 4, 1, 6, 6, 0, 0, 0, 0, 0, 0, 0, 0, 0, 1, 1, 9),
(1060, 646, 2, 1, 7, 7, 0, 0, 0, 0, 0, 0, 0, 0, 0, 1, 1, 5),
(1061, 646, 3, 1, 5.5, 5.5, 0, 0, 0, 0, 0, 0, 0, 0, 0, 1, 1, 5),
(1062, 646, 4, 0, 0, 0, 0, 0, 0, 0, 0, 0, 0, 0, 0, 0, 0, 5),
(1063, 647, 2, 1, 6.5, 6.5, 0, 0, 0, 0, 0, 0, 0, 0, 0, 1, 1, 7),
(1064, 647, 3, 1, 6.5, 6.5, 0, 0, 0, 0, 0, 0, 0, 0, 0, 1, 1, 8),
(1065, 647, 4, 1, 6, 6, 0, 0, 0, 0, 0, 0, 0, 0, 0, 1, 0, 8),
(1066, 648, 2, 1, 9.5, 7.5, 0, 0, 0, 0, 2, 0, 0, 0, 0, 1, 1, 15),
(1067, 648, 3, 1, 7, 7, 0, 0, 0, 0, 0, 0, 0, 0, 0, 1, 1, 15),
(1068, 648, 4, 1, 8.5, 7.5, 0, 0, 0, 0, 1, 0, 0, 0, 0, 1, 1, 16),
(1069, 650, 2, 0, 0, 0, 0, 0, 0, 0, 0, 0, 0, 0, 0, 0, 0, 9),
(1070, 650, 3, 1, 6.5, 6.5, 0, 0, 0, 0, 0, 0, 0, 0, 0, 1, 1, 9),
(1071, 650, 4, 1, 6, 6, 0, 0, 0, 0, 0, 0, 0, 0, 0, 1, 1, 9),
(1072, 651, 2, 1, 7, 6, 0, 0, 0, 0, 1, 0, 0, 0, 0, 1, 1, 7),
(1073, 651, 3, 1, 5.5, 6, 0, 0, 0, 0, 0, 1, 0, 0, 0, 1, 1, 7),
(1074, 651, 4, 1, 7, 7, 0, 0, 0, 0, 0, 0, 0, 0, 0, 1, 1, 8),
(1075, 652, 2, 1, 5, 5, 0, 0, 0, 0, 0, 0, 0, 0, 0, 1, 1, 5),
(1076, 652, 3, 1, 5.5, 5.5, 0, 0, 0, 0, 0, 0, 0, 0, 0, 1, 1, 5),
(1077, 652, 4, 1, 5.5, 6, 0, 0, 0, 0, 0, 1, 0, 0, 0, 1, 0, 5),
(1078, 653, 2, 0, 0, 0, 0, 0, 0, 0, 0, 0, 0, 0, 0, 0, 0, 2),
(1079, 653, 3, 0, 0, 0, 0, 0, 0, 0, 0, 0, 0, 0, 0, 1, 0, 2),
(1080, 653, 4, 1, 7, 7, 0, 0, 0, 0, 0, 0, 0, 0, 0, 1, 1, 3),
(1081, 654, 2, 0, 0, 0, 0, 0, 0, 0, 0, 0, 0, 0, 0, 0, 0, 15),
(1082, 654, 3, 1, 5, 5, 0, 0, 0, 0, 0, 0, 0, 0, 0, 1, 0, 14),
(1083, 654, 4, 1, 8, 7, 0, 0, 0, 0, 1, 0, 0, 0, 0, 1, 1, 15),
(1084, 655, 2, 0, 0, 0, 0, 0, 0, 0, 0, 0, 0, 0, 0, 0, 0, 7),
(1085, 655, 3, 0, 0, 0, 0, 0, 0, 0, 0, 0, 0, 0, 0, 0, 0, 7),
(1086, 655, 4, 0, 0, 0, 0, 0, 0, 0, 0, 0, 0, 0, 0, 0, 0, 6),
(1087, 656, 2, 1, 6, 6, 0, 0, 0, 0, 0, 0, 0, 0, 0, 1, 1, 6),
(1088, 656, 3, 1, 5.5, 6, 0, 0, 0, 0, 0, 1, 0, 0, 0, 1, 0, 6),
(1089, 656, 4, 1, 6, 6, 0, 0, 0, 0, 0, 0, 0, 0, 0, 1, 0, 7),
(1090, 657, 2, 1, 6.5, 6.5, 0, 0, 0, 0, 0, 0, 0, 0, 0, 1, 1, 7),
(1091, 657, 3, 1, 6, 6, 0, 0, 0, 0, 0, 0, 0, 0, 0, 1, 1, 8),
(1092, 657, 4, 1, 6, 6.5, 0, 0, 0, 0, 0, 1, 0, 0, 0, 1, 1, 8),
(1093, 658, 2, 0, 0, 0, 0, 0, 0, 0, 0, 0, 0, 0, 0, 0, 0, 8),
(1094, 658, 3, 1, 5, 5, 0, 0, 0, 0, 0, 0, 0, 0, 0, 1, 1, 8),
(1095, 658, 4, 1, 13.5, 7.5, 2, 0, 1, 0, 0, 0, 0, 1, 0, 1, 1, 12),
(1096, 659, 2, 1, 6, 6, 0, 0, 0, 0, 0, 0, 0, 0, 0, 1, 1, 10),
(1097, 659, 3, 0, 0, 0, 0, 0, 0, 0, 0, 0, 0, 0, 0, 0, 0, 10),
(1098, 659, 4, 0, 0, 0, 0, 0, 0, 0, 0, 0, 0, 0, 0, 0, 0, 10),
(1099, 660, 2, 1, 5, 5.5, 0, 0, 0, 0, 0, 1, 0, 0, 0, 1, 1, 9),
(1100, 660, 3, 0, 0, 0, 0, 0, 0, 0, 0, 0, 0, 0, 0, 0, 0, 9),
(1101, 660, 4, 1, 5, 5, 0, 0, 0, 0, 0, 0, 0, 0, 0, 1, 1, 8),
(1102, 661, 2, 1, 6, 6, 0, 0, 0, 0, 0, 0, 0, 0, 0, 1, 1, 7),
(1103, 661, 3, 1, 6.5, 6.5, 0, 0, 0, 0, 0, 0, 0, 0, 0, 1, 1, 8),
(1104, 661, 4, 1, 6, 6.5, 0, 0, 0, 0, 0, 1, 0, 0, 0, 1, 1, 8),
(1105, 662, 2, 1, 6, 6, 0, 0, 0, 0, 0, 0, 0, 0, 0, 1, 0, 2),
(1106, 662, 3, 1, 6.5, 6.5, 0, 0, 0, 0, 0, 0, 0, 0, 0, 1, 1, 3),
(1107, 662, 4, 0, 0, 0, 0, 0, 0, 0, 0, 0, 0, 0, 0, 0, 0, 3),
(1108, 663, 2, 0, 0, 0, 0, 0, 0, 0, 0, 0, 0, 0, 0, 0, 0, 9),
(1109, 663, 3, 1, 9, 6, 1, 0, 0, 0, 0, 0, 0, 0, 0, 1, 1, 11),
(1110, 663, 4, 0, 0, 0, 0, 0, 0, 0, 0, 0, 0, 0, 0, 0, 0, 10),
(1111, 664, 2, 0, 0, 0, 0, 0, 0, 0, 0, 0, 0, 0, 0, 0, 0, 11),
(1112, 664, 3, 1, 5, 5, 0, 0, 0, 0, 0, 0, 0, 0, 0, 1, 1, 10),
(1113, 664, 4, 1, 6.5, 6.5, 0, 0, 0, 0, 0, 0, 0, 0, 0, 1, 1, 11),
(1114, 665, 2, 0, 0, 0, 0, 0, 0, 0, 0, 0, 0, 0, 0, 0, 0, 7),
(1115, 665, 3, 0, 0, 0, 0, 0, 0, 0, 0, 0, 0, 0, 0, 0, 0, 7),
(1116, 665, 4, 0, 0, 0, 0, 0, 0, 0, 0, 0, 0, 0, 0, 0, 0, 6),
(1117, 666, 2, 1, 6.5, 6.5, 0, 0, 0, 0, 0, 0, 0, 0, 0, 1, 0, 7),
(1118, 666, 3, 1, 6.5, 6.5, 0, 0, 0, 0, 0, 0, 0, 0, 0, 1, 1, 8),
(1119, 666, 4, 0, 0, 0, 0, 0, 0, 0, 0, 0, 0, 0, 0, 1, 0, 8),
(1120, 668, 2, 0, 0, 0, 0, 0, 0, 0, 0, 0, 0, 0, 0, 0, 0, 3),
(1121, 668, 3, 0, 0, 0, 0, 0, 0, 0, 0, 0, 0, 0, 0, 0, 0, 3),
(1122, 668, 4, 0, 0, 0, 0, 0, 0, 0, 0, 0, 0, 0, 0, 0, 0, 3),
(1123, 669, 2, 0, 0, 0, 0, 0, 0, 0, 0, 0, 0, 0, 0, 0, 0, 7),
(1124, 669, 3, 0, 0, 0, 0, 0, 0, 0, 0, 0, 0, 0, 0, 0, 0, 7),
(1125, 669, 4, 0, 0, 0, 0, 0, 0, 0, 0, 0, 0, 0, 0, 0, 0, 6),
(1126, 670, 2, 0, 0, 0, 0, 0, 0, 0, 0, 0, 0, 0, 0, 0, 0, 5),
(1127, 670, 3, 0, 0, 0, 0, 0, 0, 0, 0, 0, 0, 0, 0, 0, 0, 5),
(1128, 670, 4, 0, 0, 0, 0, 0, 0, 0, 0, 0, 0, 0, 0, 0, 0, 5),
(1129, 673, 2, 1, 7.5, 6.5, 0, 0, 0, 0, 1, 0, 0, 0, 0, 1, 0, 21),
(1130, 673, 3, 1, 6.5, 6.5, 0, 0, 0, 0, 0, 0, 0, 0, 0, 1, 1, 20),
(1131, 673, 4, 1, 6, 6, 0, 0, 0, 0, 0, 0, 0, 0, 0, 1, 1, 20),
(1132, 674, 2, 1, 5.5, 5.5, 0, 0, 0, 0, 0, 0, 0, 0, 0, 1, 1, 13),
(1133, 674, 3, 0, 0, 0, 0, 0, 0, 0, 0, 0, 0, 0, 0, 0, 0, 13),
(1134, 674, 4, 0, 0, 0, 0, 0, 0, 0, 0, 0, 0, 0, 0, 0, 0, 12),
(1135, 675, 2, 0, 0, 0, 0, 0, 0, 0, 0, 0, 0, 0, 0, 0, 0, 4),
(1136, 675, 3, 1, 6, 6, 0, 0, 0, 0, 0, 0, 0, 0, 0, 1, 0, 4),
(1137, 675, 4, 1, 5.5, 5.5, 0, 0, 0, 0, 0, 0, 0, 0, 0, 1, 0, 4),
(1138, 676, 2, 0, 0, 0, 0, 0, 0, 0, 0, 0, 0, 0, 0, 0, 0, 7),
(1139, 676, 3, 1, 6.5, 6.5, 0, 0, 0, 0, 0, 0, 0, 0, 0, 1, 1, 7),
(1140, 676, 4, 0, 0, 0, 0, 0, 0, 0, 0, 0, 0, 0, 0, 0, 0, 7),
(1141, 677, 2, 0, 0, 0, 0, 0, 0, 0, 0, 0, 0, 0, 0, 0, 0, 9),
(1142, 677, 3, 0, 0, 0, 0, 0, 0, 0, 0, 0, 0, 0, 0, 0, 0, 9),
(1143, 677, 4, 0, 0, 0, 0, 0, 0, 0, 0, 0, 0, 0, 0, 0, 0, 8),
(1144, 678, 2, 0, 0, 0, 0, 0, 0, 0, 0, 0, 0, 0, 0, 0, 0, 5),
(1145, 678, 3, 0, 0, 0, 0, 0, 0, 0, 0, 0, 0, 0, 0, 0, 0, 5),
(1146, 678, 4, 0, 0, 0, 0, 0, 0, 0, 0, 0, 0, 0, 0, 0, 0, 5),
(1147, 679, 2, 0, 0, 0, 0, 0, 0, 0, 0, 0, 0, 0, 0, 0, 0, 12),
(1148, 679, 3, 0, 0, 0, 0, 0, 0, 0, 0, 0, 0, 0, 0, 0, 0, 12),
(1149, 679, 4, 0, 0, 0, 0, 0, 0, 0, 0, 0, 0, 0, 0, 0, 0, 11),
(1150, 680, 2, 1, 5, 5, 0, 0, 0, 0, 0, 0, 0, 0, 0, 1, 1, 6),
(1151, 680, 3, 1, 5.5, 5.5, 0, 0, 0, 0, 0, 0, 0, 0, 0, 1, 1, 6),
(1152, 680, 4, 0, 0, 0, 0, 0, 0, 0, 0, 0, 0, 0, 0, 0, 0, 6),
(1153, 681, 2, 1, 6, 6.5, 0, 0, 0, 0, 0, 1, 0, 0, 0, 1, 0, 8),
(1154, 681, 3, 1, 4.5, 4.5, 0, 0, 0, 0, 0, 0, 0, 0, 0, 1, 1, 8),
(1155, 681, 4, 1, 6, 6, 0, 0, 0, 0, 0, 0, 0, 0, 0, 1, 1, 8),
(1156, 682, 2, 0, 0, 0, 0, 0, 0, 0, 0, 0, 0, 0, 0, 0, 0, 4),
(1157, 682, 3, 0, 0, 0, 0, 0, 0, 0, 0, 0, 0, 0, 0, 0, 0, 4),
(1158, 682, 4, 0, 0, 0, 0, 0, 0, 0, 0, 0, 0, 0, 0, 0, 0, 4),
(1159, 683, 2, 0, 0, 0, 0, 0, 0, 0, 0, 0, 0, 0, 0, 0, 0, 19),
(1160, 683, 3, 1, 5.5, 5.5, 0, 0, 0, 0, 0, 0, 0, 0, 0, 1, 0, 18),
(1161, 683, 4, 1, 8, 7, 0, 0, 0, 0, 1, 0, 0, 0, 0, 1, 1, 19),
(1162, 684, 2, 1, 9, 6, 1, 0, 0, 0, 0, 0, 0, 0, 0, 1, 1, 9),
(1163, 684, 3, 1, 6.5, 6.5, 0, 0, 0, 0, 0, 0, 0, 0, 0, 1, 1, 9),
(1164, 684, 4, 1, 8, 7, 0, 0, 0, 0, 1, 0, 0, 0, 0, 1, 1, 10),
(1165, 685, 2, 1, 5.5, 5.5, 0, 0, 0, 0, 0, 0, 0, 0, 0, 1, 0, 7),
(1166, 685, 3, 1, 6, 6, 0, 0, 0, 0, 0, 0, 0, 0, 0, 1, 0, 7),
(1167, 685, 4, 1, 7, 7, 0, 0, 0, 0, 0, 0, 0, 0, 0, 1, 1, 8),
(1168, 686, 2, 1, 10, 7, 1, 0, 0, 0, 0, 0, 0, 0, 0, 1, 0, 16),
(1169, 686, 3, 1, 6, 6, 0, 0, 0, 0, 0, 0, 0, 0, 0, 1, 0, 16),
(1170, 686, 4, 1, 6, 6, 0, 0, 0, 0, 0, 0, 0, 0, 0, 1, 0, 16),
(1171, 687, 2, 0, 0, 0, 0, 0, 0, 0, 0, 0, 0, 0, 0, 0, 0, 11),
(1172, 687, 3, 1, 5.5, 5.5, 0, 0, 0, 0, 0, 0, 0, 0, 0, 1, 0, 11),
(1173, 687, 4, 1, 9.5, 6.5, 1, 0, 0, 0, 0, 0, 0, 0, 0, 1, 1, 13),
(1174, 688, 2, 1, 5, 5.5, 0, 0, 0, 0, 0, 1, 0, 0, 0, 1, 1, 11),
(1175, 688, 3, 1, 5.5, 5.5, 0, 0, 0, 0, 0, 0, 0, 0, 0, 1, 1, 10),
(1176, 688, 4, 1, 4, 4, 0, 0, 0, 0, 0, 0, 0, 0, 0, 1, 1, 10),
(1177, 689, 2, 1, 5.5, 5.5, 0, 0, 0, 0, 0, 0, 0, 0, 0, 1, 0, 3),
(1178, 689, 3, 0, 0, 0, 0, 0, 0, 0, 0, 0, 0, 0, 0, 0, 0, 3),
(1179, 689, 4, 1, 6.5, 6.5, 0, 0, 0, 0, 0, 0, 0, 0, 0, 1, 1, 4),
(1180, 690, 2, 0, 0, 0, 0, 0, 0, 0, 0, 0, 0, 0, 0, 0, 0, 7),
(1181, 690, 3, 0, 0, 0, 0, 0, 0, 0, 0, 0, 0, 0, 0, 1, 0, 7),
(1182, 690, 4, 1, 6.5, 6.5, 0, 0, 0, 0, 0, 0, 0, 0, 0, 1, 1, 7),
(1183, 691, 2, 1, 5.5, 5.5, 0, 0, 0, 0, 0, 0, 0, 0, 0, 1, 1, 6),
(1184, 691, 3, 1, 7, 7.5, 0, 0, 0, 0, 0, 1, 0, 0, 0, 1, 1, 7),
(1185, 691, 4, 1, 5, 5, 0, 0, 0, 0, 0, 0, 0, 0, 0, 1, 1, 7),
(1186, 692, 2, 1, 13, 7, 2, 0, 0, 0, 0, 0, 0, 0, 0, 1, 1, 13),
(1187, 692, 3, 1, 5.5, 5.5, 0, 0, 0, 0, 0, 0, 0, 0, 0, 1, 1, 12),
(1188, 692, 4, 1, 5.5, 6, 0, 0, 0, 0, 0, 1, 0, 0, 0, 1, 1, 12),
(1189, 693, 2, 0, 0, 0, 0, 0, 0, 0, 0, 0, 0, 0, 0, 0, 0, 1),
(1190, 693, 3, 0, 0, 0, 0, 0, 0, 0, 0, 0, 0, 0, 0, 0, 0, 1),
(1191, 693, 4, 0, 0, 0, 0, 0, 0, 0, 0, 0, 0, 0, 0, 0, 0, 1),
(1192, 694, 2, 1, 5, 5.5, 0, 0, 0, 0, 0, 1, 0, 0, 0, 1, 1, 8),
(1193, 694, 3, 0, 0, 0, 0, 0, 0, 0, 0, 0, 0, 0, 0, 0, 0, 8),
(1194, 694, 4, 0, 0, 0, 0, 0, 0, 0, 0, 0, 0, 0, 0, 0, 0, 7),
(1195, 695, 2, 0, 0, 0, 0, 0, 0, 0, 0, 0, 0, 0, 0, 0, 0, 12),
(1196, 695, 3, 1, 6.5, 6.5, 0, 0, 0, 0, 0, 0, 0, 0, 0, 1, 0, 12),
(1197, 695, 4, 1, 6, 6, 0, 0, 0, 0, 0, 0, 0, 0, 0, 1, 1, 12),
(1198, 696, 2, 1, 6.5, 6.5, 0, 0, 0, 0, 0, 0, 0, 0, 0, 1, 1, 13),
(1199, 696, 3, 1, 5.5, 5.5, 0, 0, 0, 0, 0, 0, 0, 0, 0, 1, 1, 13),
(1200, 696, 4, 1, 5, 5, 0, 0, 0, 0, 0, 0, 0, 0, 0, 1, 1, 13),
(1201, 697, 2, 0, 0, 0, 0, 0, 0, 0, 0, 0, 0, 0, 0, 0, 0, 6),
(1202, 697, 3, 0, 0, 0, 0, 0, 0, 0, 0, 0, 0, 0, 0, 0, 0, 6),
(1203, 697, 4, 0, 0, 0, 0, 0, 0, 0, 0, 0, 0, 0, 0, 0, 0, 6),
(1204, 698, 2, 0, 0, 0, 0, 0, 0, 0, 0, 0, 0, 0, 0, 0, 0, 6),
(1205, 698, 3, 0, 0, 0, 0, 0, 0, 0, 0, 0, 0, 0, 0, 0, 0, 6),
(1206, 698, 4, 0, 0, 0, 0, 0, 0, 0, 0, 0, 0, 0, 0, 0, 0, 6),
(1207, 699, 2, 1, 5.5, 5.5, 0, 0, 0, 0, 0, 0, 0, 0, 0, 1, 1, 6),
(1208, 699, 3, 1, 6, 6, 0, 0, 0, 0, 0, 0, 0, 0, 0, 1, 1, 6),
(1209, 699, 4, 0, 0, 0, 0, 0, 0, 0, 0, 0, 0, 0, 0, 0, 0, 6),
(1210, 700, 2, 0, 0, 0, 0, 0, 0, 0, 0, 0, 0, 0, 0, 0, 0, 2),
(1211, 700, 3, 0, 0, 0, 0, 0, 0, 0, 0, 0, 0, 0, 0, 0, 0, 2),
(1212, 700, 4, 0, 0, 0, 0, 0, 0, 0, 0, 0, 0, 0, 0, 0, 0, 2),
(1213, 701, 2, 0, 0, 0, 0, 0, 0, 0, 0, 0, 0, 0, 0, 0, 0, 2),
(1214, 701, 3, 0, 0, 0, 0, 0, 0, 0, 0, 0, 0, 0, 0, 0, 0, 2),
(1215, 701, 4, 0, 0, 0, 0, 0, 0, 0, 0, 0, 0, 0, 0, 0, 0, 2),
(1216, 702, 2, 1, 5, 5, 0, 0, 0, 0, 0, 0, 0, 0, 0, 1, 1, 3),
(1217, 702, 3, 1, 5, 5.5, 0, 0, 0, 0, 0, 1, 0, 0, 0, 1, 1, 3),
(1218, 702, 4, 1, 6, 6, 0, 0, 0, 0, 0, 0, 0, 0, 0, 1, 0, 3),
(1219, 703, 2, 1, 6, 6, 0, 0, 0, 0, 0, 0, 0, 0, 0, 1, 1, 3),
(1220, 703, 3, 1, 5.5, 5.5, 0, 0, 0, 0, 0, 0, 0, 0, 0, 1, 1, 4),
(1221, 703, 4, 0, 0, 0, 0, 0, 0, 0, 0, 0, 0, 0, 0, 0, 0, 4),
(1222, 704, 2, 1, 5, 5, 0, 0, 0, 0, 0, 0, 0, 0, 0, 1, 1, 9),
(1223, 704, 3, 0, 0, 0, 0, 0, 0, 0, 0, 0, 0, 0, 0, 0, 0, 9),
(1224, 704, 4, 0, 0, 0, 0, 0, 0, 0, 0, 0, 0, 0, 0, 0, 0, 8),
(1225, 705, 2, 0, 0, 0, 0, 0, 0, 0, 0, 0, 0, 0, 0, 0, 0, 8),
(1226, 705, 3, 0, 0, 0, 0, 0, 0, 0, 0, 0, 0, 0, 0, 0, 0, 8),
(1227, 705, 4, 0, 0, 0, 0, 0, 0, 0, 0, 0, 0, 0, 0, 0, 0, 7),
(1228, 706, 2, 0, 0, 0, 0, 0, 0, 0, 0, 0, 0, 0, 0, 0, 0, 5),
(1229, 706, 3, 0, 0, 0, 0, 0, 0, 0, 0, 0, 0, 0, 0, 0, 0, 5),
(1230, 706, 4, 0, 0, 0, 0, 0, 0, 0, 0, 0, 0, 0, 0, 0, 0, 5),
(1231, 707, 2, 0, 0, 0, 0, 0, 0, 0, 0, 0, 0, 0, 0, 0, 0, 3),
(1232, 707, 3, 0, 0, 0, 0, 0, 0, 0, 0, 0, 0, 0, 0, 0, 0, 3),
(1233, 707, 4, 0, 0, 0, 0, 0, 0, 0, 0, 0, 0, 0, 0, 0, 0, 3),
(1234, 708, 2, 1, 6.5, 6.5, 0, 0, 0, 0, 0, 0, 0, 0, 0, 1, 1, 1),
(1235, 708, 3, 1, 6, 6, 0, 0, 0, 0, 0, 0, 0, 0, 0, 1, 1, 1),
(1236, 708, 4, 1, 6, 6, 0, 0, 0, 0, 0, 0, 0, 0, 0, 1, 1, 1),
(1237, 709, 2, 0, 0, 0, 0, 0, 0, 0, 0, 0, 0, 0, 0, 1, 0, 2),
(1238, 709, 3, 0, 0, 0, 0, 0, 0, 0, 0, 0, 0, 0, 0, 0, 0, 2),
(1239, 709, 4, 0, 0, 0, 0, 0, 0, 0, 0, 0, 0, 0, 0, 0, 0, 2),
(1240, 710, 2, 0, 0, 0, 0, 0, 0, 0, 0, 0, 0, 0, 0, 0, 0, 6),
(1241, 710, 3, 1, 6, 6, 0, 0, 0, 0, 0, 0, 0, 0, 0, 1, 0, 6),
(1242, 710, 4, 1, 6, 6, 0, 0, 0, 0, 0, 0, 0, 0, 0, 1, 1, 6),
(1243, 711, 2, 0, 0, 0, 0, 0, 0, 0, 0, 0, 0, 0, 0, 0, 0, 14),
(1244, 711, 3, 0, 0, 0, 0, 0, 0, 0, 0, 0, 0, 0, 0, 0, 0, 13),
(1245, 711, 4, 0, 0, 0, 0, 0, 0, 0, 0, 0, 0, 0, 0, 0, 0, 13),
(1246, 712, 2, 0, 0, 0, 0, 0, 0, 0, 0, 0, 0, 0, 0, 0, 0, 4),
(1247, 712, 3, 0, 0, 0, 0, 0, 0, 0, 0, 0, 0, 0, 0, 0, 0, 4),
(1248, 712, 4, 0, 0, 0, 0, 0, 0, 0, 0, 0, 0, 0, 0, 0, 0, 4),
(1249, 713, 2, 1, 6, 6, 0, 0, 0, 0, 0, 0, 0, 0, 0, 1, 1, 7),
(1250, 713, 3, 1, 5, 5, 0, 0, 0, 0, 0, 0, 0, 0, 0, 1, 0, 7),
(1251, 713, 4, 1, 4.5, 5, 0, 0, 0, 0, 0, 1, 0, 0, 0, 1, 1, 6),
(1252, 714, 2, 1, 5, 5, 0, 0, 0, 0, 0, 0, 0, 0, 0, 1, 1, 3),
(1253, 714, 3, 0, 0, 0, 0, 0, 0, 0, 0, 0, 0, 0, 0, 0, 0, 3),
(1254, 714, 4, 0, 0, 0, 0, 0, 0, 0, 0, 0, 0, 0, 0, 0, 0, 3),
(1255, 715, 2, 1, 6, 6, 0, 0, 0, 0, 0, 0, 0, 0, 0, 1, 1, 4),
(1256, 715, 3, 1, 5, 5, 0, 0, 0, 0, 0, 0, 0, 0, 0, 1, 1, 4),
(1257, 715, 4, 0, 0, 0, 0, 0, 0, 0, 0, 0, 0, 0, 0, 0, 0, 4),
(1258, 716, 2, 1, 5, 5, 0, 0, 0, 0, 0, 0, 0, 0, 0, 1, 0, 8),
(1259, 716, 3, 1, 6, 6, 0, 0, 0, 0, 0, 0, 0, 0, 0, 1, 0, 8),
(1260, 716, 4, 1, 5, 5, 0, 0, 0, 0, 0, 0, 0, 0, 0, 1, 0, 8),
(1261, 717, 2, 1, 6, 6, 0, 0, 0, 0, 0, 0, 0, 0, 0, 1, 1, 11),
(1262, 717, 3, 1, 6.5, 6.5, 0, 0, 0, 0, 0, 0, 0, 0, 0, 1, 1, 11),
(1263, 717, 4, 1, 5.5, 5.5, 0, 0, 0, 0, 0, 0, 0, 0, 0, 1, 1, 11),
(1264, 718, 2, 0, 0, 0, 0, 0, 0, 0, 0, 0, 0, 0, 0, 0, 0, 2),
(1265, 718, 3, 0, 0, 0, 0, 0, 0, 0, 0, 0, 0, 0, 0, 0, 0, 2),
(1266, 718, 4, 0, 0, 0, 0, 0, 0, 0, 0, 0, 0, 0, 0, 0, 0, 2),
(1267, 719, 2, 1, 6, 6, 0, 0, 0, 0, 0, 0, 0, 0, 0, 1, 0, 2),
(1268, 719, 3, 0, 0, 0, 0, 0, 0, 0, 0, 0, 0, 0, 0, 0, 0, 2),
(1269, 719, 4, 1, 9.5, 6.5, 1, 0, 0, 0, 0, 0, 0, 0, 0, 1, 1, 5),
(1270, 720, 3, 1, 6, 6.5, 0, 0, 0, 0, 0, 1, 0, 0, 0, 1, 0, 3),
(1271, 720, 4, 1, 5.5, 5.5, 0, 0, 0, 0, 0, 0, 0, 0, 0, 1, 0, 3),
(1272, 721, 4, 1, 5.5, 5.5, 0, 0, 0, 0, 0, 0, 0, 0, 0, 1, 0, 1),
(1273, 722, 4, 1, 4.5, 5, 0, 0, 0, 0, 0, 1, 0, 0, 0, 1, 1, 1),
(1274, 801, 2, 1, 5.5, 5.5, 0, 0, 0, 0, 0, 0, 0, 0, 0, 1, 0, 19),
(1275, 801, 3, 1, 5.5, 5.5, 0, 0, 0, 0, 0, 0, 0, 0, 0, 1, 1, 18),
(1276, 801, 4, 1, 5.5, 5.5, 0, 0, 0, 0, 0, 0, 0, 0, 0, 1, 1, 18),
(1277, 803, 2, 0, 0, 0, 0, 0, 0, 0, 0, 0, 0, 0, 0, 0, 0, 16),
(1278, 803, 3, 0, 0, 0, 0, 0, 0, 0, 0, 0, 0, 0, 0, 0, 0, 15),
(1279, 803, 4, 0, 0, 0, 0, 0, 0, 0, 0, 0, 0, 0, 0, 0, 0, 15),
(1280, 804, 2, 0, 0, 0, 0, 0, 0, 0, 0, 0, 0, 0, 0, 0, 0, 5),
(1281, 804, 3, 0, 0, 0, 0, 0, 0, 0, 0, 0, 0, 0, 0, 0, 0, 5),
(1282, 804, 4, 0, 0, 0, 0, 0, 0, 0, 0, 0, 0, 0, 0, 0, 0, 5),
(1283, 805, 2, 0, 0, 0, 0, 0, 0, 0, 0, 0, 0, 0, 0, 0, 0, 4),
(1284, 805, 3, 0, 0, 0, 0, 0, 0, 0, 0, 0, 0, 0, 0, 0, 0, 4),
(1285, 805, 4, 0, 0, 0, 0, 0, 0, 0, 0, 0, 0, 0, 0, 0, 0, 4),
(1286, 806, 2, 0, 0, 0, 0, 0, 0, 0, 0, 0, 0, 0, 0, 1, 0, 19),
(1287, 806, 3, 0, 0, 0, 0, 0, 0, 0, 0, 0, 0, 0, 0, 0, 0, 19),
(1288, 806, 4, 0, 0, 0, 0, 0, 0, 0, 0, 0, 0, 0, 0, 0, 0, 18),
(1289, 808, 2, 1, 5, 5, 0, 0, 0, 0, 0, 0, 0, 0, 0, 1, 0, 8),
(1290, 808, 3, 1, 5.5, 5.5, 0, 0, 0, 0, 0, 0, 0, 0, 0, 1, 0, 8),
(1291, 808, 4, 0, 0, 0, 0, 0, 0, 0, 0, 0, 0, 0, 0, 0, 0, 8),
(1292, 809, 2, 1, 4, 4, 0, 0, 0, 0, 0, 0, 0, 0, 0, 1, 1, 23),
(1293, 809, 3, 0, 0, 0, 0, 0, 0, 0, 0, 0, 0, 0, 0, 0, 0, 22),
(1294, 809, 4, 0, 0, 0, 0, 0, 0, 0, 0, 0, 0, 0, 0, 0, 0, 22),
(1295, 810, 2, 0, 0, 0, 0, 0, 0, 0, 0, 0, 0, 0, 0, 1, 0, 8),
(1296, 810, 3, 1, 6.5, 6.5, 0, 0, 0, 0, 0, 0, 0, 0, 0, 1, 1, 8),
(1297, 810, 4, 1, 5, 5, 0, 0, 0, 0, 0, 0, 0, 0, 0, 1, 0, 8),
(1298, 811, 2, 1, 6, 6, 0, 0, 0, 0, 0, 0, 0, 0, 0, 1, 0, 19),
(1299, 811, 3, 0, 0, 0, 0, 0, 0, 0, 0, 0, 0, 0, 0, 1, 0, 19),
(1300, 811, 4, 1, 7, 6, 0, 0, 0, 0, 1, 0, 0, 0, 0, 1, 1, 19),
(1301, 812, 2, 1, 5.5, 5.5, 0, 0, 0, 0, 0, 0, 0, 0, 0, 1, 1, 15),
(1302, 812, 3, 1, 6, 6, 0, 0, 0, 0, 0, 0, 0, 0, 0, 1, 1, 15),
(1303, 812, 4, 1, 6.5, 6.5, 0, 0, 0, 0, 0, 0, 0, 0, 0, 1, 1, 15),
(1304, 814, 2, 1, 4.5, 5, 0, 0, 0, 0, 0, 1, 0, 0, 0, 1, 1, 16),
(1305, 814, 3, 1, 5.5, 5.5, 0, 0, 0, 0, 0, 0, 0, 0, 0, 1, 1, 16),
(1306, 814, 4, 1, 6, 6, 0, 0, 0, 0, 0, 0, 0, 0, 0, 1, 1, 16),
(1307, 815, 2, 1, 10.5, 7, 1, 0, 0, 1, 1, 1, 0, 0, 0, 1, 1, 18),
(1308, 815, 3, 1, 7, 6, 0, 0, 0, 0, 1, 0, 0, 0, 0, 1, 1, 18),
(1309, 815, 4, 1, 8, 7, 0, 0, 0, 0, 1, 0, 0, 0, 0, 1, 1, 19),
(1310, 816, 2, 0, 0, 0, 0, 0, 0, 0, 0, 0, 0, 0, 0, 0, 0, 5),
(1311, 816, 3, 0, 0, 0, 0, 0, 0, 0, 0, 0, 0, 0, 0, 0, 0, 5),
(1312, 816, 4, 1, 4, 4, 0, 0, 0, 0, 0, 0, 0, 0, 0, 1, 1, 4),
(1313, 817, 2, 1, 6, 6, 0, 0, 0, 0, 0, 0, 0, 0, 0, 1, 0, 3),
(1314, 817, 3, 0, 0, 0, 0, 0, 0, 0, 0, 0, 0, 0, 0, 1, 0, 3),
(1315, 817, 4, 0, 0, 0, 0, 0, 0, 0, 0, 0, 0, 0, 0, 0, 0, 3),
(1316, 818, 2, 1, 6, 6, 0, 0, 0, 0, 0, 0, 0, 0, 0, 1, 1, 33),
(1317, 818, 3, 1, 17.5, 9, 3, 0, 1, 0, 0, 1, 0, 0, 0, 1, 1, 38),
(1318, 818, 4, 1, 5, 5, 0, 0, 0, 0, 0, 0, 0, 0, 0, 1, 0, 37),
(1319, 820, 2, 1, 9.5, 6.5, 1, 0, 0, 0, 0, 0, 0, 0, 0, 1, 1, 22),
(1320, 820, 3, 1, 6.5, 6.5, 0, 0, 0, 0, 0, 0, 0, 0, 0, 1, 1, 21),
(1321, 820, 4, 1, 6.5, 6.5, 0, 0, 0, 0, 0, 0, 0, 0, 0, 1, 1, 21),
(1322, 821, 2, 1, 5.5, 5.5, 0, 0, 0, 0, 0, 0, 0, 0, 0, 1, 1, 15),
(1323, 821, 3, 0, 0, 0, 0, 0, 0, 0, 0, 0, 0, 0, 0, 1, 0, 15),
(1324, 821, 4, 0, 0, 0, 0, 0, 0, 0, 0, 0, 0, 0, 0, 1, 0, 15),
(1325, 822, 2, 0, 0, 0, 0, 0, 0, 0, 0, 0, 0, 0, 0, 0, 0, 19),
(1326, 822, 3, 0, 0, 0, 0, 0, 0, 0, 0, 0, 0, 0, 0, 0, 0, 18),
(1327, 822, 4, 1, 5.5, 5.5, 0, 0, 0, 0, 0, 0, 0, 0, 0, 1, 0, 18),
(1328, 824, 2, 1, 8, 7, 0, 0, 0, 0, 1, 0, 0, 0, 0, 1, 1, 19),
(1329, 824, 3, 1, 6, 6, 0, 0, 0, 0, 0, 0, 0, 0, 0, 1, 0, 19),
(1330, 824, 4, 1, 6, 6, 0, 0, 0, 0, 0, 0, 0, 0, 0, 1, 1, 18),
(1331, 825, 2, 1, 7, 6, 0, 0, 0, 0, 1, 0, 0, 0, 0, 1, 1, 14),
(1332, 825, 3, 1, 10, 7, 1, 0, 1, 0, 0, 0, 0, 0, 0, 1, 1, 16),
(1333, 825, 4, 1, 13, 7.5, 2, 0, 1, 0, 0, 1, 0, 1, 0, 1, 1, 20),
(1334, 826, 2, 0, 0, 0, 0, 0, 0, 0, 0, 0, 0, 0, 0, 0, 0, 14),
(1335, 826, 3, 0, 0, 0, 0, 0, 0, 0, 0, 0, 0, 0, 0, 0, 0, 13),
(1336, 826, 4, 0, 0, 0, 0, 0, 0, 0, 0, 0, 0, 0, 0, 0, 0, 13),
(1337, 827, 2, 1, 6, 6, 0, 0, 0, 0, 0, 0, 0, 0, 0, 1, 1, 16),
(1338, 827, 3, 1, 6.5, 6.5, 0, 0, 0, 0, 0, 0, 0, 0, 0, 1, 1, 16),
(1339, 827, 4, 1, 5.5, 6, 0, 0, 0, 0, 0, 1, 0, 0, 0, 1, 1, 16),
(1340, 828, 2, 1, 9.5, 6.5, 1, 0, 0, 0, 0, 0, 0, 0, 0, 1, 1, 36),
(1341, 828, 3, 1, 10, 7, 1, 0, 1, 0, 0, 0, 0, 1, 0, 1, 1, 37),
(1342, 828, 4, 1, 10, 7, 1, 0, 0, 0, 0, 0, 0, 0, 0, 1, 1, 38),
(1343, 829, 2, 1, 5, 5, 0, 0, 0, 0, 0, 0, 0, 0, 0, 1, 1, 24),
(1344, 829, 3, 1, 5, 5, 0, 0, 0, 0, 0, 0, 0, 0, 0, 1, 1, 23),
(1345, 829, 4, 1, 6, 6, 0, 0, 0, 0, 0, 0, 0, 0, 0, 1, 0, 23),
(1346, 830, 2, 1, 7, 6, 0, 0, 0, 0, 1, 0, 0, 0, 0, 1, 1, 16),
(1347, 830, 3, 1, 5.5, 5.5, 0, 0, 0, 0, 0, 0, 0, 0, 0, 1, 1, 16),
(1348, 830, 4, 1, 5, 5, 0, 0, 0, 0, 0, 0, 0, 0, 0, 1, 1, 15),
(1349, 831, 2, 1, 9, 6.5, 1, 0, 1, 0, 0, 1, 0, 0, 0, 1, 0, 16),
(1350, 831, 3, 0, 0, 0, 0, 0, 0, 0, 0, 0, 0, 0, 0, 1, 0, 16),
(1351, 831, 4, 0, 0, 0, 0, 0, 0, 0, 0, 0, 0, 0, 0, 0, 0, 16),
(1352, 834, 2, 1, 5, 5, 0, 0, 0, 0, 0, 0, 0, 0, 0, 1, 0, 15),
(1353, 834, 3, 1, 5.5, 5.5, 0, 0, 0, 0, 0, 0, 0, 0, 0, 1, 0, 15),
(1354, 834, 4, 1, 5, 5, 0, 0, 0, 0, 0, 0, 0, 0, 0, 1, 1, 15),
(1355, 835, 2, 0, 0, 0, 0, 0, 0, 0, 0, 0, 0, 0, 0, 0, 0, 18),
(1356, 835, 3, 0, 0, 0, 0, 0, 0, 0, 0, 0, 0, 0, 0, 0, 0, 17),
(1357, 835, 4, 0, 0, 0, 0, 0, 0, 0, 0, 0, 0, 0, 0, 0, 0, 17),
(1358, 836, 2, 0, 0, 0, 0, 0, 0, 0, 0, 0, 0, 0, 0, 1, 0, 14),
(1359, 836, 3, 1, 6, 6, 0, 0, 0, 0, 0, 0, 0, 0, 0, 1, 0, 14),
(1360, 836, 4, 0, 0, 0, 0, 0, 0, 0, 0, 0, 0, 0, 0, 0, 0, 14),
(1361, 837, 2, 1, 4.5, 5, 0, 0, 0, 0, 0, 1, 0, 0, 0, 1, 1, 15),
(1362, 837, 3, 1, 5.5, 5.5, 0, 0, 0, 0, 0, 0, 0, 0, 0, 1, 1, 15),
(1363, 837, 4, 1, 6, 6, 0, 0, 0, 0, 0, 0, 0, 0, 0, 1, 0, 15),
(1364, 838, 2, 1, 9.5, 6.5, 1, 0, 1, 0, 0, 0, 0, 0, 0, 1, 1, 29),
(1365, 838, 3, 1, 5, 5, 0, 0, 0, 0, 0, 0, 0, 0, 0, 1, 1, 28),
(1366, 838, 4, 0, 0, 0, 0, 0, 0, 0, 0, 0, 0, 0, 0, 0, 0, 28),
(1367, 839, 2, 0, 0, 0, 0, 0, 0, 0, 0, 0, 0, 0, 0, 0, 0, 12),
(1368, 839, 3, 0, 0, 0, 0, 0, 0, 0, 0, 0, 0, 0, 0, 0, 0, 12),
(1369, 839, 4, 0, 0, 0, 0, 0, 0, 0, 0, 0, 0, 0, 0, 0, 0, 11),
(1370, 840, 2, 1, 8.5, 5.5, 1, 0, 0, 0, 0, 0, 0, 1, 0, 1, 1, 21),
(1371, 840, 3, 1, 12, 7, 2, 0, 1, 0, 0, 0, 1, 0, 0, 1, 1, 24),
(1372, 840, 4, 0, 0, 0, 0, 0, 0, 0, 0, 0, 0, 0, 0, 0, 0, 23),
(1373, 841, 2, 1, 4.5, 5, 0, 0, 0, 0, 0, 1, 0, 0, 0, 1, 1, 10),
(1374, 841, 3, 1, 5, 5, 0, 0, 0, 0, 0, 0, 0, 0, 0, 1, 1, 10),
(1375, 841, 4, 1, 5, 5, 0, 0, 0, 0, 0, 0, 0, 0, 0, 1, 0, 10),
(1376, 842, 2, 1, 5, 5, 0, 0, 0, 0, 0, 0, 0, 0, 0, 1, 1, 13),
(1377, 842, 3, 0, 0, 0, 0, 0, 0, 0, 0, 0, 0, 0, 0, 1, 0, 13),
(1378, 842, 4, 0, 0, 0, 0, 0, 0, 0, 0, 0, 0, 0, 0, 0, 0, 12),
(1379, 844, 2, 1, 10, 7, 1, 0, 0, 0, 0, 0, 0, 0, 0, 1, 1, 20),
(1380, 844, 3, 1, 5.5, 5.5, 0, 0, 0, 0, 0, 0, 0, 0, 0, 1, 1, 19),
(1381, 844, 4, 1, 6, 6, 0, 0, 0, 0, 0, 0, 0, 0, 0, 1, 0, 19),
(1382, 845, 2, 0, 0, 0, 0, 0, 0, 0, 0, 0, 0, 0, 0, 0, 0, 6),
(1383, 845, 3, 0, 0, 0, 0, 0, 0, 0, 0, 0, 0, 0, 0, 0, 0, 6),
(1384, 845, 4, 0, 0, 0, 0, 0, 0, 0, 0, 0, 0, 0, 0, 0, 0, 6),
(1385, 846, 2, 1, 9, 6, 1, 0, 0, 0, 0, 0, 0, 0, 0, 1, 1, 37),
(1386, 846, 3, 0, 0, 0, 0, 0, 0, 0, 0, 0, 0, 0, 0, 0, 0, 36),
(1387, 846, 4, 0, 0, 0, 0, 0, 0, 0, 0, 0, 0, 0, 0, 0, 0, 35),
(1388, 847, 2, 0, 0, 0, 0, 0, 0, 0, 0, 0, 0, 0, 0, 0, 0, 6),
(1389, 847, 3, 0, 0, 0, 0, 0, 0, 0, 0, 0, 0, 0, 0, 0, 0, 6),
(1390, 847, 4, 0, 0, 0, 0, 0, 0, 0, 0, 0, 0, 0, 0, 1, 0, 6),
(1391, 849, 2, 1, 6.5, 6.5, 0, 0, 0, 0, 0, 0, 0, 0, 0, 1, 0, 12),
(1392, 849, 3, 1, 5, 5, 0, 0, 0, 0, 0, 0, 0, 0, 0, 1, 1, 12),
(1393, 849, 4, 1, 6.5, 6.5, 0, 0, 0, 0, 0, 0, 0, 0, 0, 1, 0, 12),
(1394, 850, 2, 0, 0, 0, 0, 0, 0, 0, 0, 0, 0, 0, 0, 0, 0, 2),
(1395, 850, 3, 0, 0, 0, 0, 0, 0, 0, 0, 0, 0, 0, 0, 0, 0, 2),
(1396, 850, 4, 0, 0, 0, 0, 0, 0, 0, 0, 0, 0, 0, 0, 0, 0, 2),
(1397, 851, 2, 1, 9, 6, 1, 0, 0, 0, 0, 0, 0, 0, 0, 1, 1, 26),
(1398, 851, 3, 1, 7, 6, 0, 0, 0, 0, 1, 0, 0, 0, 0, 1, 1, 26),
(1399, 851, 4, 1, 10, 7, 1, 0, 1, 0, 0, 0, 0, 0, 0, 1, 1, 28),
(1400, 852, 2, 0, 0, 0, 0, 0, 0, 0, 0, 0, 0, 0, 0, 0, 0, 6),
(1401, 852, 3, 0, 0, 0, 0, 0, 0, 0, 0, 0, 0, 0, 0, 0, 0, 6),
(1402, 852, 4, 0, 0, 0, 0, 0, 0, 0, 0, 0, 0, 0, 0, 0, 0, 6),
(1403, 853, 2, 0, 0, 0, 0, 0, 0, 0, 0, 0, 0, 0, 0, 0, 0, 1),
(1404, 853, 3, 1, 9.5, 6.5, 1, 0, 1, 0, 0, 0, 0, 0, 0, 1, 0, 1),
(1405, 853, 4, 1, 5, 5, 0, 0, 0, 0, 0, 0, 0, 0, 0, 1, 0, 1),
(1406, 854, 2, 0, 0, 0, 0, 0, 0, 0, 0, 0, 0, 0, 0, 0, 0, 9),
(1407, 854, 3, 1, 5.5, 5.5, 0, 0, 0, 0, 0, 0, 0, 0, 0, 1, 0, 9),
(1408, 854, 4, 0, 0, 0, 0, 0, 0, 0, 0, 0, 0, 0, 0, 0, 0, 9),
(1409, 855, 2, 1, 9.5, 7, 1, 0, 0, 0, 0, 1, 0, 0, 0, 1, 1, 24),
(1410, 855, 3, 1, 6.5, 6.5, 0, 0, 0, 0, 0, 0, 0, 0, 0, 1, 1, 24),
(1411, 855, 4, 0, 0, 0, 0, 0, 0, 0, 0, 0, 0, 0, 0, 0, 0, 24),
(1412, 856, 2, 0, 0, 0, 0, 0, 0, 0, 0, 0, 0, 0, 0, 0, 0, 3),
(1413, 856, 3, 0, 0, 0, 0, 0, 0, 0, 0, 0, 0, 0, 0, 0, 0, 3),
(1414, 856, 4, 0, 0, 0, 0, 0, 0, 0, 0, 0, 0, 0, 0, 0, 0, 3),
(1415, 857, 2, 0, 0, 0, 0, 0, 0, 0, 0, 0, 0, 0, 0, 0, 0, 10),
(1416, 857, 3, 0, 0, 0, 0, 0, 0, 0, 0, 0, 0, 0, 0, 0, 0, 10),
(1417, 857, 4, 0, 0, 0, 0, 0, 0, 0, 0, 0, 0, 0, 0, 0, 0, 9),
(1418, 858, 2, 0, 0, 0, 0, 0, 0, 0, 0, 0, 0, 0, 0, 0, 0, 12),
(1419, 858, 3, 0, 0, 0, 0, 0, 0, 0, 0, 0, 0, 0, 0, 0, 0, 12),
(1420, 858, 4, 0, 0, 0, 0, 0, 0, 0, 0, 0, 0, 0, 0, 0, 0, 11),
(1421, 859, 2, 0, 0, 0, 0, 0, 0, 0, 0, 0, 0, 0, 0, 0, 0, 11),
(1422, 859, 3, 0, 0, 0, 0, 0, 0, 0, 0, 0, 0, 0, 0, 0, 0, 11),
(1423, 859, 4, 1, 4.5, 4.5, 0, 0, 0, 0, 0, 0, 0, 0, 0, 1, 1, 10),
(1424, 860, 2, 1, 5.5, 5.5, 0, 0, 0, 0, 0, 0, 0, 0, 0, 1, 1, 28),
(1425, 860, 3, 1, 9.5, 6.5, 1, 0, 1, 0, 0, 0, 0, 0, 0, 1, 1, 29),
(1426, 860, 4, 1, 6, 6, 0, 0, 0, 0, 0, 0, 0, 0, 0, 1, 0, 29),
(1427, 861, 2, 1, 5.5, 5.5, 0, 0, 0, 0, 0, 0, 0, 0, 0, 1, 1, 25),
(1428, 861, 3, 1, 9, 6, 1, 0, 1, 0, 0, 0, 0, 1, 0, 1, 1, 26),
(1429, 861, 4, 1, 5, 5, 0, 0, 0, 0, 0, 0, 0, 0, 0, 1, 1, 25),
(1430, 862, 2, 0, 0, 0, 0, 0, 0, 0, 0, 0, 0, 0, 0, 1, 1, 16),
(1431, 862, 3, 0, 0, 0, 0, 0, 0, 0, 0, 0, 0, 0, 0, 0, 0, 16),
(1432, 862, 4, 1, 10, 7, 1, 0, 0, 0, 0, 0, 0, 0, 0, 1, 1, 18),
(1433, 863, 2, 1, 15, 8, 2, 0, 0, 0, 1, 0, 0, 0, 0, 1, 1, 26),
(1434, 863, 3, 1, 5, 5, 0, 0, 0, 0, 0, 0, 0, 0, 0, 1, 1, 25),
(1435, 863, 4, 1, 11, 7, 1, 0, 1, 0, 1, 0, 0, 0, 0, 1, 1, 27),
(1436, 864, 2, 1, 12, 6, 2, 0, 0, 0, 0, 0, 0, 1, 0, 1, 1, 23),
(1437, 864, 3, 1, 5.5, 5.5, 0, 0, 0, 0, 0, 0, 0, 0, 0, 1, 1, 22),
(1438, 864, 4, 1, 4, 4, 0, 0, 0, 0, 0, 0, 0, 0, 0, 1, 1, 21),
(1439, 865, 2, 1, 7.5, 6.5, 0, 0, 0, 0, 1, 0, 0, 0, 0, 1, 0, 20),
(1440, 865, 3, 1, 8, 5, 1, 0, 0, 0, 0, 0, 0, 0, 0, 1, 1, 20),
(1441, 865, 4, 1, 6.5, 6.5, 0, 0, 0, 0, 0, 0, 0, 0, 0, 1, 1, 20),
(1442, 866, 2, 1, 5, 5, 0, 0, 0, 0, 0, 0, 0, 0, 0, 1, 0, 13),
(1443, 866, 3, 1, 6.5, 6.5, 0, 0, 0, 0, 0, 0, 0, 0, 0, 1, 0, 14),
(1444, 866, 4, 1, 10.5, 7.5, 1, 0, 1, 0, 0, 0, 0, 0, 0, 1, 0, 16),
(1445, 868, 2, 1, 6.5, 6.5, 0, 0, 0, 0, 0, 0, 0, 0, 0, 1, 1, 27),
(1446, 868, 3, 1, 5, 5, 0, 0, 0, 0, 0, 0, 0, 0, 0, 1, 1, 26),
(1447, 868, 4, 1, 9, 6, 1, 0, 0, 0, 0, 0, 0, 0, 0, 1, 1, 27),
(1448, 869, 2, 1, 5.5, 6, 0, 0, 0, 0, 0, 1, 0, 0, 0, 1, 1, 16),
(1449, 869, 3, 1, 6, 6, 0, 0, 0, 0, 0, 0, 0, 0, 0, 1, 1, 16),
(1450, 869, 4, 1, 5, 5, 0, 0, 0, 0, 0, 0, 0, 0, 0, 1, 1, 15),
(1451, 870, 2, 1, 5, 5, 0, 0, 0, 0, 0, 0, 0, 0, 0, 1, 0, 9),
(1452, 870, 3, 0, 0, 0, 0, 0, 0, 0, 0, 0, 0, 0, 0, 0, 0, 9),
(1453, 870, 4, 1, 5, 5, 0, 0, 0, 0, 0, 0, 0, 0, 0, 1, 0, 8),
(1454, 871, 2, 0, 0, 0, 0, 0, 0, 0, 0, 0, 0, 0, 0, 0, 0, 3),
(1455, 871, 3, 0, 0, 0, 0, 0, 0, 0, 0, 0, 0, 0, 0, 0, 0, 3),
(1456, 871, 4, 0, 0, 0, 0, 0, 0, 0, 0, 0, 0, 0, 0, 0, 0, 3),
(1457, 872, 2, 1, 7.5, 7, 0, 0, 0, 0, 1, 1, 0, 0, 0, 1, 1, 24),
(1458, 872, 3, 1, 11, 7, 1, 0, 0, 0, 1, 0, 0, 0, 0, 1, 1, 26),
(1459, 872, 4, 1, 14.5, 7.5, 2, 0, 1, 0, 1, 0, 0, 0, 0, 1, 1, 30),
(1460, 873, 2, 0, 0, 0, 0, 0, 0, 0, 0, 0, 0, 0, 0, 0, 0, 4),
(1461, 873, 3, 1, 9, 6, 1, 0, 0, 0, 0, 0, 0, 0, 0, 1, 0, 6),
(1462, 873, 4, 1, 6, 6, 0, 0, 0, 0, 0, 0, 0, 0, 0, 1, 1, 6),
(1463, 874, 2, 1, 5.5, 5.5, 0, 0, 0, 0, 0, 0, 0, 0, 0, 1, 0, 10),
(1464, 874, 3, 0, 0, 0, 0, 0, 0, 0, 0, 0, 0, 0, 0, 1, 0, 10),
(1465, 874, 4, 1, 4.5, 4.5, 0, 0, 0, 0, 0, 0, 0, 0, 0, 1, 1, 9),
(1466, 877, 2, 1, 5, 5, 0, 0, 0, 0, 0, 0, 0, 0, 0, 1, 0, 5),
(1467, 877, 3, 0, 0, 0, 0, 0, 0, 0, 0, 0, 0, 0, 0, 0, 0, 5),
(1468, 877, 4, 0, 0, 0, 0, 0, 0, 0, 0, 0, 0, 0, 0, 0, 0, 5),
(1469, 878, 2, 1, 5.5, 5.5, 0, 0, 0, 0, 0, 0, 0, 0, 0, 1, 0, 30),
(1470, 878, 3, 1, 4, 4.5, 0, 0, 0, 0, 0, 1, 0, 0, 0, 1, 1, 28),
(1471, 878, 4, 1, 5.5, 5.5, 0, 0, 0, 0, 0, 0, 0, 0, 0, 1, 1, 28),
(1472, 879, 2, 0, 0, 0, 0, 0, 0, 0, 0, 0, 0, 0, 0, 0, 0, 30),
(1473, 879, 3, 0, 0, 0, 0, 0, 0, 0, 0, 0, 0, 0, 0, 0, 0, 29),
(1474, 879, 4, 1, 5, 4.5, 0, 0, 0, 0, 1, 1, 0, 0, 0, 1, 0, 28),
(1475, 880, 2, 1, 4.5, 4.5, 0, 0, 0, 0, 0, 0, 0, 0, 0, 1, 1, 14),
(1476, 880, 3, 1, 5.5, 5.5, 0, 0, 0, 0, 0, 0, 0, 0, 0, 1, 1, 14),
(1477, 880, 4, 0, 0, 0, 0, 0, 0, 0, 0, 0, 0, 0, 0, 0, 0, 14),
(1478, 881, 2, 1, 9.5, 6.5, 1, 0, 0, 0, 0, 0, 0, 0, 0, 1, 1, 22),
(1479, 881, 3, 1, 5.5, 5.5, 0, 0, 0, 0, 0, 0, 0, 0, 0, 1, 1, 22),
(1480, 881, 4, 0, 0, 0, 0, 0, 0, 0, 0, 0, 0, 0, 0, 0, 0, 22),
(1481, 882, 2, 1, 9.5, 7, 1, 0, 1, 0, 0, 1, 0, 0, 0, 1, 0, 23),
(1482, 882, 3, 1, 6, 6.5, 0, 0, 0, 0, 0, 1, 0, 0, 0, 1, 0, 23),
(1483, 882, 4, 1, 5, 5.5, 0, 0, 0, 0, 0, 1, 0, 0, 0, 1, 1, 22),
(1484, 883, 2, 1, 5.5, 5.5, 0, 0, 0, 0, 0, 0, 0, 0, 0, 1, 1, 19),
(1485, 883, 3, 1, 5.5, 5.5, 0, 0, 0, 0, 0, 0, 0, 0, 0, 1, 0, 18),
(1486, 883, 4, 1, 6, 6, 0, 0, 0, 0, 0, 0, 0, 0, 0, 1, 0, 18),
(1487, 884, 2, 0, 0, 0, 0, 0, 0, 0, 0, 0, 0, 0, 0, 0, 0, 20),
(1488, 884, 3, 0, 0, 0, 0, 0, 0, 0, 0, 0, 0, 0, 0, 0, 0, 19),
(1489, 884, 4, 0, 0, 0, 0, 0, 0, 0, 0, 0, 0, 0, 0, 0, 0, 18),
(1490, 885, 2, 0, 0, 0, 0, 0, 0, 0, 0, 0, 0, 0, 0, 0, 0, 6),
(1491, 885, 3, 0, 0, 0, 0, 0, 0, 0, 0, 0, 0, 0, 0, 0, 0, 6),
(1492, 885, 4, 0, 0, 0, 0, 0, 0, 0, 0, 0, 0, 0, 0, 0, 0, 6),
(1493, 886, 2, 0, 0, 0, 0, 0, 0, 0, 0, 0, 0, 0, 0, 0, 0, 15),
(1494, 886, 3, 0, 0, 0, 0, 0, 0, 0, 0, 0, 0, 0, 0, 0, 0, 14),
(1495, 886, 4, 0, 0, 0, 0, 0, 0, 0, 0, 0, 0, 0, 0, 0, 0, 14),
(1496, 888, 2, 0, 0, 0, 0, 0, 0, 0, 0, 0, 0, 0, 0, 0, 0, 23),
(1497, 888, 3, 0, 0, 0, 0, 0, 0, 0, 0, 0, 0, 0, 0, 0, 0, 22),
(1498, 888, 4, 0, 0, 0, 0, 0, 0, 0, 0, 0, 0, 0, 0, 0, 0, 21),
(1499, 889, 2, 0, 0, 0, 0, 0, 0, 0, 0, 0, 0, 0, 0, 0, 0, 7),
(1500, 889, 3, 0, 0, 0, 0, 0, 0, 0, 0, 0, 0, 0, 0, 0, 0, 7),
(1501, 889, 4, 0, 0, 0, 0, 0, 0, 0, 0, 0, 0, 0, 0, 0, 0, 6),
(1502, 890, 2, 0, 0, 0, 0, 0, 0, 0, 0, 0, 0, 0, 0, 0, 0, 2),
(1503, 890, 3, 0, 0, 0, 0, 0, 0, 0, 0, 0, 0, 0, 0, 0, 0, 2),
(1504, 890, 4, 0, 0, 0, 0, 0, 0, 0, 0, 0, 0, 0, 0, 0, 0, 2),
(1505, 891, 2, 0, 0, 0, 0, 0, 0, 0, 0, 0, 0, 0, 0, 0, 0, 3),
(1506, 891, 3, 0, 0, 0, 0, 0, 0, 0, 0, 0, 0, 0, 0, 0, 0, 3),
(1507, 891, 4, 0, 0, 0, 0, 0, 0, 0, 0, 0, 0, 0, 0, 0, 0, 3),
(1508, 897, 2, 0, 0, 0, 0, 0, 0, 0, 0, 0, 0, 0, 0, 0, 0, 15),
(1509, 897, 3, 0, 0, 0, 0, 0, 0, 0, 0, 0, 0, 0, 0, 0, 0, 14),
(1510, 897, 4, 1, 6, 6, 0, 0, 0, 0, 0, 0, 0, 0, 0, 1, 0, 14),
(1511, 898, 2, 1, 11, 7, 1, 0, 0, 0, 1, 0, 0, 0, 0, 1, 1, 16),
(1512, 898, 3, 1, 6, 6.5, 0, 0, 0, 0, 0, 1, 0, 0, 0, 1, 1, 15),
(1513, 898, 4, 1, 5, 5, 0, 0, 0, 0, 0, 0, 0, 0, 0, 1, 1, 15),
(1514, 899, 2, 0, 0, 0, 0, 0, 0, 0, 0, 0, 0, 0, 0, 0, 0, 12),
(1515, 899, 3, 0, 0, 0, 0, 0, 0, 0, 0, 0, 0, 0, 0, 0, 0, 12),
(1516, 899, 4, 0, 0, 0, 0, 0, 0, 0, 0, 0, 0, 0, 0, 0, 0, 11),
(1517, 900, 2, 0, 0, 0, 0, 0, 0, 0, 0, 0, 0, 0, 0, 0, 0, 10),
(1518, 900, 3, 0, 0, 0, 0, 0, 0, 0, 0, 0, 0, 0, 0, 0, 0, 10),
(1519, 900, 4, 0, 0, 0, 0, 0, 0, 0, 0, 0, 0, 0, 0, 0, 0, 9),
(1520, 901, 2, 1, 5.5, 5.5, 0, 0, 0, 0, 0, 0, 0, 0, 0, 1, 1, 32),
(1521, 901, 3, 1, 6, 6, 0, 0, 0, 0, 0, 0, 0, 0, 0, 1, 1, 31),
(1522, 901, 4, 1, 6, 6, 0, 0, 0, 0, 0, 0, 0, 0, 0, 1, 1, 31),
(1523, 902, 2, 0, 0, 0, 0, 0, 0, 0, 0, 0, 0, 0, 0, 0, 0, 2),
(1524, 902, 3, 0, 0, 0, 0, 0, 0, 0, 0, 0, 0, 0, 0, 0, 0, 2),
(1525, 902, 4, 0, 0, 0, 0, 0, 0, 0, 0, 0, 0, 0, 0, 0, 0, 2),
(1526, 903, 2, 0, 0, 0, 0, 0, 0, 0, 0, 0, 0, 0, 0, 0, 0, 7),
(1527, 903, 3, 0, 0, 0, 0, 0, 0, 0, 0, 0, 0, 0, 0, 0, 0, 7),
(1528, 903, 4, 0, 0, 0, 0, 0, 0, 0, 0, 0, 0, 0, 0, 0, 0, 6),
(1529, 904, 2, 1, 6, 6, 0, 0, 0, 0, 0, 0, 0, 0, 0, 1, 0, 20),
(1530, 904, 3, 1, 7.5, 6.5, 0, 0, 0, 0, 1, 0, 0, 0, 0, 1, 1, 20),
(1531, 904, 4, 1, 7.5, 5.5, 1, 0, 0, 0, 0, 0, 1, 0, 0, 1, 1, 21),
(1532, 906, 2, 1, 5, 5, 0, 0, 0, 0, 0, 0, 0, 0, 0, 1, 1, 15),
(1533, 906, 3, 1, 6, 6, 0, 0, 0, 0, 0, 0, 0, 0, 0, 1, 0, 15),
(1534, 906, 4, 1, 4.5, 4.5, 0, 0, 0, 0, 0, 0, 0, 0, 0, 1, 0, 15),
(1535, 907, 2, 0, 0, 0, 0, 0, 0, 0, 0, 0, 0, 0, 0, 0, 0, 17),
(1536, 907, 3, 0, 0, 0, 0, 0, 0, 0, 0, 0, 0, 0, 0, 0, 0, 16),
(1537, 907, 4, 0, 0, 0, 0, 0, 0, 0, 0, 0, 0, 0, 0, 0, 0, 16),
(1538, 908, 2, 0, 0, 0, 0, 0, 0, 0, 0, 0, 0, 0, 0, 0, 0, 1),
(1539, 908, 3, 0, 0, 0, 0, 0, 0, 0, 0, 0, 0, 0, 0, 0, 0, 1),
(1540, 908, 4, 0, 0, 0, 0, 0, 0, 0, 0, 0, 0, 0, 0, 0, 0, 1),
(1541, 909, 2, 1, 4.5, 4.5, 0, 0, 0, 0, 0, 0, 0, 0, 0, 1, 1, 19),
(1542, 909, 3, 1, 5, 5, 0, 0, 0, 0, 0, 0, 0, 0, 0, 1, 1, 18),
(1543, 909, 4, 1, 9, 6, 1, 0, 0, 0, 0, 0, 0, 0, 0, 1, 1, 20),
(1544, 910, 2, 0, 0, 0, 0, 0, 0, 0, 0, 0, 0, 0, 0, 0, 0, 16),
(1545, 910, 3, 0, 0, 0, 0, 0, 0, 0, 0, 0, 0, 0, 0, 0, 0, 15),
(1546, 910, 4, 1, 5, 5, 0, 0, 0, 0, 0, 0, 0, 0, 0, 1, 1, 15),
(1547, 911, 2, 0, 0, 0, 0, 0, 0, 0, 0, 0, 0, 0, 0, 0, 0, 12),
(1548, 911, 3, 1, 5, 5, 0, 0, 0, 0, 0, 0, 0, 0, 0, 1, 1, 11),
(1549, 911, 4, 1, 5.5, 5.5, 0, 0, 0, 0, 0, 0, 0, 0, 0, 1, 0, 11),
(1550, 912, 2, 0, 0, 0, 0, 0, 0, 0, 0, 0, 0, 0, 0, 0, 0, 6),
(1551, 912, 3, 0, 0, 0, 0, 0, 0, 0, 0, 0, 0, 0, 0, 0, 0, 6),
(1552, 912, 4, 0, 0, 0, 0, 0, 0, 0, 0, 0, 0, 0, 0, 0, 0, 6),
(1553, 913, 2, 0, 0, 0, 0, 0, 0, 0, 0, 0, 0, 0, 0, 1, 0, 14),
(1554, 913, 3, 1, 5, 5, 0, 0, 0, 0, 0, 0, 0, 0, 0, 1, 0, 13),
(1555, 913, 4, 1, 6, 6, 0, 0, 0, 0, 0, 0, 0, 0, 0, 1, 1, 13),
(1556, 914, 2, 0, 0, 0, 0, 0, 0, 0, 0, 0, 0, 0, 0, 0, 0, 4),
(1557, 914, 3, 0, 0, 0, 0, 0, 0, 0, 0, 0, 0, 0, 0, 0, 0, 4),
(1558, 914, 4, 0, 0, 0, 0, 0, 0, 0, 0, 0, 0, 0, 0, 0, 0, 4),
(1559, 915, 2, 1, 8.5, 5.5, 1, 0, 0, 0, 0, 0, 0, 0, 0, 1, 1, 31),
(1560, 915, 3, 1, 5, 5, 0, 0, 0, 0, 0, 0, 0, 0, 0, 1, 1, 29),
(1561, 915, 4, 1, 4, 4, 0, 0, 0, 0, 0, 0, 0, 0, 0, 1, 1, 28),
(1562, 916, 2, 1, 6, 6, 0, 0, 0, 0, 0, 0, 0, 0, 0, 1, 1, 15),
(1563, 916, 3, 1, 9.5, 6.5, 1, 0, 0, 0, 0, 0, 0, 0, 0, 1, 1, 17),
(1564, 916, 4, 1, 5.5, 5.5, 0, 0, 0, 0, 0, 0, 0, 0, 0, 1, 1, 16),
(1565, 917, 2, 0, 0, 0, 0, 0, 0, 0, 0, 0, 0, 0, 0, 0, 0, 1),
(1566, 917, 3, 0, 0, 0, 0, 0, 0, 0, 0, 0, 0, 0, 0, 0, 0, 1),
(1567, 917, 4, 0, 0, 0, 0, 0, 0, 0, 0, 0, 0, 0, 0, 0, 0, 1),
(1568, 918, 2, 1, 6, 6, 0, 0, 0, 0, 0, 0, 0, 0, 0, 1, 0, 22),
(1569, 918, 3, 1, 5.5, 5.5, 0, 0, 0, 0, 0, 0, 0, 0, 0, 1, 1, 21),
(1570, 918, 4, 1, 6, 6, 0, 0, 0, 0, 0, 0, 0, 0, 0, 1, 1, 21);

-- --------------------------------------------------------

--
-- Struttura per la vista `view_0_formazionestatistiche`
--
DROP TABLE IF EXISTS `view_0_formazionestatistiche`;

CREATE ALGORITHM=MERGE DEFINER=`fantamanajerUser`@`%` SQL SECURITY DEFINER VIEW `view_0_formazionestatistiche` AS select `schieramento`.`idFormazione` AS `idFormazione`,`schieramento`.`posizione` AS `posizione`,`formazione`.`idUtente` AS `idUtente`,`schieramento`.`considerato` AS `considerato`,`giocatore`.`nome` AS `nome`,`giocatore`.`ruolo` AS `ruolo`,`giocatore`.`cognome` AS `cognome`,`voto`.`idGiocatore` AS `idGiocatore`,`voto`.`idGiornata` AS `idGiornata`,`voto`.`valutato` AS `valutato`,`voto`.`punti` AS `punti`,`voto`.`voto` AS `voto`,`voto`.`gol` AS `gol`,`voto`.`golSubiti` AS `golSubiti`,`voto`.`golVittoria` AS `golVittoria`,`voto`.`golPareggio` AS `golPareggio`,`voto`.`assist` AS `assist`,`voto`.`ammonizioni` AS `ammonizioni`,`voto`.`espulsioni` AS `espulsioni`,`voto`.`rigoriSegnati` AS `rigoriSegnati`,`voto`.`rigoriSubiti` AS `rigoriSubiti`,`voto`.`presenza` AS `presenza`,`voto`.`titolare` AS `titolare`,`voto`.`quotazione` AS `quotazione`,`club`.`id` AS `id`,`club`.`nome` AS `nomeClub` from (((`schieramento` join `formazione` on((`schieramento`.`idFormazione` = `formazione`.`id`))) left join (`giocatore` left join `club` on((`giocatore`.`idClub` = `club`.`id`))) on((`schieramento`.`idGiocatore` = `giocatore`.`id`))) left join `voto` on(((`voto`.`idGiocatore` = `giocatore`.`id`) and (`voto`.`idGiornata` = `formazione`.`idGiornata`))));

-- --------------------------------------------------------

--
-- Struttura per la vista `view_0_giocatoristatistiche`
--
DROP TABLE IF EXISTS `view_0_giocatoristatistiche`;

CREATE ALGORITHM=UNDEFINED DEFINER=`fantamanajerUser`@`%` SQL SECURITY DEFINER VIEW `view_0_giocatoristatistiche` AS select `giocatore`.`id` AS `id`,`giocatore`.`nome` AS `nome`,`giocatore`.`cognome` AS `cognome`,`giocatore`.`ruolo` AS `ruolo`,`giocatore`.`idClub` AS `idClub`,`giocatore`.`status` AS `status`,`club`.`nome` AS `nomeClub`,sum(`voto`.`presenza`) AS `presenze`,sum(`voto`.`valutato`) AS `presenzeVoto`,round((sum(`voto`.`punti`) / sum(`voto`.`valutato`)),2) AS `avgPunti`,round((sum(`voto`.`voto`) / sum(`voto`.`valutato`)),2) AS `avgVoti`,sum(`voto`.`gol`) AS `gol`,sum(`voto`.`golSubiti`) AS `golSubiti`,sum(`voto`.`assist`) AS `assist`,sum(`voto`.`ammonizioni`) AS `ammonizioni`,sum(`voto`.`espulsioni`) AS `espulsioni`,`voto`.`quotazione` AS `quotazione`,`squadra`.`idUtente` AS `idUtente` from (((`giocatore` left join `voto` on((`giocatore`.`id` = `voto`.`idGiocatore`))) left join `club` on((`club`.`id` = `giocatore`.`idClub`))) left join `squadra` on((`giocatore`.`id` = `squadra`.`idGiocatore`))) group by `giocatore`.`id`;

-- --------------------------------------------------------

--
-- Struttura per la vista `view_0_punteggisenzajolly`
--
DROP TABLE IF EXISTS `view_0_punteggisenzajolly`;

CREATE ALGORITHM=MERGE DEFINER=`fantamanajerUser`@`%` SQL SECURITY DEFINER VIEW `view_0_punteggisenzajolly` AS select `punteggio`.`idLega` AS `idLega`,`punteggio`.`idUtente` AS `idutente`,`punteggio`.`idGiornata` AS `idGiornata`,if(isnull(`formazione`.`jolly`),`punteggio`.`punteggio`,(`punteggio`.`punteggio` / 2)) AS `punteggio`,`formazione`.`jolly` AS `jolly` from (`punteggio` join `formazione` on(((`punteggio`.`idGiornata` = `formazione`.`idGiornata`) and (`punteggio`.`idUtente` = `formazione`.`idUtente`))));

-- --------------------------------------------------------

--
-- Struttura per la vista `view_1_clubstatistiche`
--
DROP TABLE IF EXISTS `view_1_clubstatistiche`;

CREATE ALGORITHM=UNDEFINED DEFINER=`fantamanajerUser`@`%` SQL SECURITY DEFINER VIEW `view_1_clubstatistiche` AS select `club`.`id` AS `id`,`club`.`nome` AS `nome`,`club`.`partitivo` AS `partitivo`,`club`.`determinativo` AS `determinativo`,coalesce(sum(`view_0_giocatoristatistiche`.`gol`),0) AS `totaleGol`,coalesce(sum(`view_0_giocatoristatistiche`.`golSubiti`),0) AS `totaleGolSubiti`,coalesce(sum(`view_0_giocatoristatistiche`.`assist`),0) AS `totaleAssist`,coalesce(sum(`view_0_giocatoristatistiche`.`ammonizioni`),0) AS `totaleAmmonizioni`,coalesce(sum(`view_0_giocatoristatistiche`.`espulsioni`),0) AS `totaleEspulsioni`,round(coalesce(avg(`view_0_giocatoristatistiche`.`avgPunti`),0),2) AS `avgPunti`,round(coalesce(avg(`view_0_giocatoristatistiche`.`avgVoti`),0),2) AS `avgVoti` from (`club` join `view_0_giocatoristatistiche` on((`club`.`id` = `view_0_giocatoristatistiche`.`idClub`))) group by `club`.`id`;

-- --------------------------------------------------------

--
-- Struttura per la vista `view_1_punteggimassimi`
--
DROP TABLE IF EXISTS `view_1_punteggimassimi`;

CREATE ALGORITHM=UNDEFINED DEFINER=`fantamanajerUser`@`%` SQL SECURITY DEFINER VIEW `view_1_punteggimassimi` AS select `view_0_punteggisenzajolly`.`idLega` AS `idLega`,`view_0_punteggisenzajolly`.`idGiornata` AS `idGiornata`,max(`view_0_punteggisenzajolly`.`punteggio`) AS `punteggio` from `view_0_punteggisenzajolly` group by `view_0_punteggisenzajolly`.`idLega`,`view_0_punteggisenzajolly`.`idGiornata`;

-- --------------------------------------------------------

--
-- Struttura per la vista `view_2_giornatevinte`
--
DROP TABLE IF EXISTS `view_2_giornatevinte`;

CREATE ALGORITHM=UNDEFINED DEFINER=`fantamanajerUser`@`%` SQL SECURITY DEFINER VIEW `view_2_giornatevinte` AS select `view_0_punteggisenzajolly`.`idutente` AS `idUtente`,count(`view_0_punteggisenzajolly`.`idutente`) AS `giornateVinte` from (`view_0_punteggisenzajolly` join `view_1_punteggimassimi` on(((`view_0_punteggisenzajolly`.`idGiornata` = `view_1_punteggimassimi`.`idGiornata`) and (`view_0_punteggisenzajolly`.`punteggio` = `view_1_punteggimassimi`.`punteggio`) and (`view_0_punteggisenzajolly`.`idLega` = `view_1_punteggimassimi`.`idLega`)))) group by `view_0_punteggisenzajolly`.`idutente`;

-- --------------------------------------------------------

--
-- Struttura per la vista `view_3_squadrastatistiche`
--
DROP TABLE IF EXISTS `view_3_squadrastatistiche`;

CREATE ALGORITHM=UNDEFINED DEFINER=`fantamanajerUser`@`%` SQL SECURITY DEFINER VIEW `view_3_squadrastatistiche` AS select `utente`.`id` AS `id`,`utente`.`nomeSquadra` AS `nomeSquadra`,`utente`.`nome` AS `nome`,`utente`.`cognome` AS `cognome`,`utente`.`email` AS `email`,`utente`.`abilitaMail` AS `abilitaMail`,`utente`.`username` AS `username`,`utente`.`password` AS `password`,`utente`.`amministratore` AS `amministratore`,`utente`.`idLega` AS `idLega`,coalesce(sum(`view_0_giocatoristatistiche`.`gol`),0) AS `totaleGol`,coalesce(sum(`view_0_giocatoristatistiche`.`golSubiti`),0) AS `totaleGolSubiti`,coalesce(sum(`view_0_giocatoristatistiche`.`assist`),0) AS `totaleAssist`,coalesce(sum(`view_0_giocatoristatistiche`.`ammonizioni`),0) AS `totaleAmmonizioni`,coalesce(sum(`view_0_giocatoristatistiche`.`espulsioni`),0) AS `totaleEspulsioni`,round(coalesce(avg(`view_0_giocatoristatistiche`.`avgPunti`),0),2) AS `avgPunti`,round(coalesce(avg(`view_0_giocatoristatistiche`.`avgVoti`),0),2) AS `avgVoti`,max(`punteggio`.`punteggio`) AS `punteggioMax`,(select min(`punteggio`.`punteggio`) from `punteggio` where ((`punteggio`.`punteggio` > 0) and (`punteggio`.`idUtente` = `utente`.`id`))) AS `punteggioMin`,round(avg(`punteggio`.`punteggio`),2) AS `punteggioMed`,`view_2_giornatevinte`.`giornateVinte` AS `giornateVinte` from (((`utente` join `view_0_giocatoristatistiche` on((`utente`.`id` = `view_0_giocatoristatistiche`.`idUtente`))) join `view_2_giornatevinte` on((`utente`.`id` = `view_2_giornatevinte`.`idUtente`))) join `punteggio` on((`utente`.`id` = `punteggio`.`idUtente`))) group by `utente`.`id`;

--
-- Limiti per le tabelle scaricate
--

--
-- Limiti per la tabella `articolo`
--
ALTER TABLE `articolo`
  ADD CONSTRAINT `articolo_ibfk_1` FOREIGN KEY (`idUtente`) REFERENCES `utente` (`id`) ON DELETE CASCADE ON UPDATE CASCADE,
  ADD CONSTRAINT `articolo_ibfk_2` FOREIGN KEY (`idGiornata`) REFERENCES `giornata` (`id`) ON DELETE CASCADE ON UPDATE CASCADE,
  ADD CONSTRAINT `articolo_ibfk_3` FOREIGN KEY (`idLega`) REFERENCES `lega` (`id`) ON DELETE CASCADE ON UPDATE CASCADE;

--
-- Limiti per la tabella `evento`
--
ALTER TABLE `evento`
  ADD CONSTRAINT `evento_ibfk_1` FOREIGN KEY (`idUtente`) REFERENCES `utente` (`id`) ON DELETE CASCADE ON UPDATE CASCADE,
  ADD CONSTRAINT `evento_ibfk_2` FOREIGN KEY (`idLega`) REFERENCES `lega` (`id`) ON DELETE CASCADE ON UPDATE CASCADE;

--
-- Limiti per la tabella `formazione`
--
ALTER TABLE `formazione`
  ADD CONSTRAINT `formazione_ibfk_1` FOREIGN KEY (`idGiornata`) REFERENCES `giornata` (`id`) ON DELETE CASCADE ON UPDATE CASCADE,
  ADD CONSTRAINT `formazione_ibfk_2` FOREIGN KEY (`idUtente`) REFERENCES `utente` (`id`) ON DELETE CASCADE ON UPDATE CASCADE,
  ADD CONSTRAINT `formazione_ibfk_3` FOREIGN KEY (`idCapitano`) REFERENCES `giocatore` (`id`) ON DELETE SET NULL ON UPDATE CASCADE,
  ADD CONSTRAINT `formazione_ibfk_4` FOREIGN KEY (`idVCapitano`) REFERENCES `giocatore` (`id`) ON DELETE SET NULL ON UPDATE CASCADE,
  ADD CONSTRAINT `formazione_ibfk_5` FOREIGN KEY (`idVVCapitano`) REFERENCES `giocatore` (`id`) ON DELETE SET NULL ON UPDATE CASCADE;

--
-- Limiti per la tabella `giocatore`
--
ALTER TABLE `giocatore`
  ADD CONSTRAINT `giocatore_ibfk_1` FOREIGN KEY (`idClub`) REFERENCES `club` (`id`) ON DELETE SET NULL ON UPDATE CASCADE;

--
-- Limiti per la tabella `punteggio`
--
ALTER TABLE `punteggio`
  ADD CONSTRAINT `punteggio_ibfk_1` FOREIGN KEY (`idGiornata`) REFERENCES `giornata` (`id`) ON DELETE CASCADE ON UPDATE CASCADE,
  ADD CONSTRAINT `punteggio_ibfk_2` FOREIGN KEY (`idUtente`) REFERENCES `utente` (`id`) ON DELETE CASCADE ON UPDATE CASCADE,
  ADD CONSTRAINT `punteggio_ibfk_3` FOREIGN KEY (`idLega`) REFERENCES `lega` (`id`) ON DELETE CASCADE ON UPDATE CASCADE;

--
-- Limiti per la tabella `schieramento`
--
ALTER TABLE `schieramento`
  ADD CONSTRAINT `schieramento_ibfk_1` FOREIGN KEY (`idFormazione`) REFERENCES `formazione` (`id`) ON DELETE CASCADE ON UPDATE CASCADE,
  ADD CONSTRAINT `schieramento_ibfk_2` FOREIGN KEY (`idGiocatore`) REFERENCES `giocatore` (`id`) ON DELETE CASCADE ON UPDATE CASCADE;

--
-- Limiti per la tabella `selezione`
--
ALTER TABLE `selezione`
  ADD CONSTRAINT `selezione_ibfk_1` FOREIGN KEY (`idLega`) REFERENCES `lega` (`id`) ON DELETE CASCADE ON UPDATE CASCADE,
  ADD CONSTRAINT `selezione_ibfk_2` FOREIGN KEY (`idUtente`) REFERENCES `utente` (`id`) ON DELETE CASCADE ON UPDATE CASCADE,
  ADD CONSTRAINT `selezione_ibfk_3` FOREIGN KEY (`idGiocatoreOld`) REFERENCES `giocatore` (`id`) ON DELETE CASCADE ON UPDATE CASCADE,
  ADD CONSTRAINT `selezione_ibfk_4` FOREIGN KEY (`idGiocatoreNew`) REFERENCES `giocatore` (`id`) ON DELETE CASCADE ON UPDATE CASCADE;

--
-- Limiti per la tabella `squadra`
--
ALTER TABLE `squadra`
  ADD CONSTRAINT `squadra_ibfk_1` FOREIGN KEY (`idLega`) REFERENCES `lega` (`id`) ON DELETE CASCADE ON UPDATE CASCADE,
  ADD CONSTRAINT `squadra_ibfk_2` FOREIGN KEY (`idUtente`) REFERENCES `utente` (`id`) ON DELETE CASCADE ON UPDATE CASCADE,
  ADD CONSTRAINT `squadra_ibfk_3` FOREIGN KEY (`idGiocatore`) REFERENCES `giocatore` (`id`) ON DELETE CASCADE ON UPDATE CASCADE;

--
-- Limiti per la tabella `trasferimento`
--
ALTER TABLE `trasferimento`
  ADD CONSTRAINT `trasferimento_ibfk_1` FOREIGN KEY (`idGiocatoreOld`) REFERENCES `giocatore` (`id`) ON DELETE CASCADE ON UPDATE CASCADE,
  ADD CONSTRAINT `trasferimento_ibfk_2` FOREIGN KEY (`idGiocatoreNew`) REFERENCES `giocatore` (`id`) ON DELETE CASCADE ON UPDATE CASCADE,
  ADD CONSTRAINT `trasferimento_ibfk_3` FOREIGN KEY (`idUtente`) REFERENCES `utente` (`id`) ON DELETE CASCADE ON UPDATE CASCADE,
  ADD CONSTRAINT `trasferimento_ibfk_4` FOREIGN KEY (`idGiornata`) REFERENCES `giornata` (`id`) ON DELETE CASCADE ON UPDATE CASCADE;

--
-- Limiti per la tabella `utente`
--
ALTER TABLE `utente`
  ADD CONSTRAINT `utente_ibfk_1` FOREIGN KEY (`idLega`) REFERENCES `lega` (`id`) ON DELETE CASCADE ON UPDATE CASCADE;

--
-- Limiti per la tabella `voto`
--
ALTER TABLE `voto`
  ADD CONSTRAINT `voto_ibfk_1` FOREIGN KEY (`idGiocatore`) REFERENCES `giocatore` (`id`) ON DELETE CASCADE ON UPDATE CASCADE,
  ADD CONSTRAINT `voto_ibfk_2` FOREIGN KEY (`idGiornata`) REFERENCES `giornata` (`id`) ON DELETE CASCADE ON UPDATE CASCADE;

/*!40101 SET CHARACTER_SET_CLIENT=@OLD_CHARACTER_SET_CLIENT */;
/*!40101 SET CHARACTER_SET_RESULTS=@OLD_CHARACTER_SET_RESULTS */;
/*!40101 SET COLLATION_CONNECTION=@OLD_COLLATION_CONNECTION */;
