-- phpMyAdmin SQL Dump
-- version 2.11.3deb1ubuntu1
-- http://www.phpmyadmin.net
--
-- Host: localhost
-- Generato il: 26 Ago, 2008 at 09:07 AM
-- Versione MySQL: 5.0.51
-- Versione PHP: 5.2.4-2ubuntu5.3

SET SQL_MODE="NO_AUTO_VALUE_ON_ZERO";

--
-- Database: `test`
--

-- --------------------------------------------------------

--
-- Struttura della tabella `articolo`
--

DROP TABLE IF EXISTS `articolo`;
CREATE TABLE IF NOT EXISTS `articolo` (
  `idArticolo` int(11) NOT NULL auto_increment,
  `title` varchar(30) collate utf8_unicode_ci NOT NULL default '',
  `abstract` varchar(75) collate utf8_unicode_ci NOT NULL default '',
  `text` text collate utf8_unicode_ci NOT NULL,
  `insertDate` datetime NOT NULL default '0000-00-00 00:00:00',
  `idSquadra` int(11) NOT NULL default '0',
  `idGiornata` int(11) NOT NULL default '0',
  PRIMARY KEY  (`idArticolo`)
) ENGINE=InnoDB DEFAULT CHARSET=utf8 COLLATE=utf8_unicode_ci AUTO_INCREMENT=1 ;

--
-- Dump dei dati per la tabella `articolo`
--


-- --------------------------------------------------------

--
-- Struttura della tabella `eventi`
--

DROP TABLE IF EXISTS `eventi`;
CREATE TABLE IF NOT EXISTS `eventi` (
  `idEvento` int(11) NOT NULL auto_increment,
  `idSquadra` int(11) NOT NULL default '0',
  `data` timestamp NOT NULL default CURRENT_TIMESTAMP,
  `tipo` int(11) NOT NULL default '0',
  `idExternal` int(11) NOT NULL default '0',
  PRIMARY KEY  (`idEvento`)
) ENGINE=InnoDB DEFAULT CHARSET=utf8 COLLATE=utf8_unicode_ci AUTO_INCREMENT=1 ;

--
-- Dump dei dati per la tabella `eventi`
--


-- --------------------------------------------------------

--
-- Struttura della tabella `formazioni`
--

DROP TABLE IF EXISTS `formazioni`;
CREATE TABLE IF NOT EXISTS `formazioni` (
  `IdFormazione` int(11) NOT NULL auto_increment,
  `IdGiornata` int(11) NOT NULL default '0',
  `IdSquadra` int(11) NOT NULL default '0',
  `Modulo` varchar(7) collate utf8_unicode_ci NOT NULL,
  `C` int(11) NOT NULL default '0',
  `VC` int(11) NOT NULL default '0',
  `VVC` int(11) NOT NULL default '0',
  PRIMARY KEY  (`IdFormazione`),
  UNIQUE KEY `IdGiorSq` (`IdGiornata`,`IdSquadra`)
) ENGINE=InnoDB  DEFAULT CHARSET=utf8 COLLATE=utf8_unicode_ci AUTO_INCREMENT=4 ;

--
-- Dump dei dati per la tabella `formazioni`
--

INSERT INTO `formazioni` (`IdFormazione`, `IdGiornata`, `IdSquadra`, `Modulo`, `C`, `VC`, `VVC`) VALUES
(3, 26, 1, '1-3-4-3', 0, 290, 270);

-- --------------------------------------------------------

--
-- Struttura della tabella `giocatore`
--

DROP TABLE IF EXISTS `giocatore`;
CREATE TABLE IF NOT EXISTS `giocatore` (
  `IdGioc` int(11) unsigned NOT NULL default '0',
  `Nome` varchar(30) collate utf8_unicode_ci NOT NULL default '',
  `Cognome` varchar(30) collate utf8_unicode_ci NOT NULL default '',
  `Ruolo` char(1) collate utf8_unicode_ci NOT NULL default '',
  `Club` varchar(3) collate utf8_unicode_ci NOT NULL default '',
  `IdSquadra` int(11) NOT NULL default '0',
  `idSquadraAcquisto` int(11) NOT NULL default '0',
  PRIMARY KEY  (`IdGioc`)
) ENGINE=InnoDB DEFAULT CHARSET=utf8 COLLATE=utf8_unicode_ci;

--
-- Dump dei dati per la tabella `giocatore`
--

INSERT INTO `giocatore` (`IdGioc`, `Nome`, `Cognome`, `Ruolo`, `Club`, `IdSquadra`, `idSquadraAcquisto`) VALUES
(101, '', 'Abbiati', 'P', 'Mil', 1, 0),
(102, '', 'Aldegani', 'P', 'Chi', 0, 0),
(103, '', 'Amelia', 'P', 'Pal', 0, 0),
(104, '', 'Antonioli', 'P', 'Bol', 1, 0),
(105, '', 'Aresti', 'P', 'Cag', 0, 0),
(106, '', 'Arthur', 'P', 'Rom', 0, 0),
(107, '', 'Avramov', 'P', 'Fio', 0, 0),
(108, '', 'Belardi', 'P', 'Udi', 0, 0),
(109, '', 'Benussi', 'P', 'Lec', 1, 0),
(110, '', 'Bizzarri', 'P', 'Cat', 0, 0),
(111, '', 'Buffon', 'P', 'Juv', 0, 0),
(112, '', 'Calderoni', 'P', 'Tor', 0, 0),
(113, '', 'Campagnolo', 'P', 'Reg', 0, 0),
(114, '', 'Carrizo', 'P', 'Laz', 0, 0),
(115, '', 'Castellazzi', 'P', 'Sam', 0, 0),
(116, '', 'Chimenti', 'P', 'Juv', 0, 0),
(117, '', 'Colombo', 'P', 'Bol', 0, 0),
(118, '', 'Consigli', 'P', 'Ata', 0, 0),
(119, '', 'Coppola', 'P', 'Ata', 0, 0),
(120, '', 'Curci', 'P', 'Sie', 0, 0),
(121, '', 'Degre''', 'P', 'Laz', 0, 0),
(122, '', 'Dida', 'P', 'Mil', 0, 0),
(123, '', 'Doni', 'P', 'Rom', 0, 0),
(124, '', 'Eleftheropoulos', 'P', 'Sie', 0, 0),
(125, '', 'Fiorillo', 'P', 'Sam', 0, 0),
(126, '', 'Fontana A.', 'P', 'Pal', 0, 0),
(128, '', 'Frey', 'P', 'Fio', 0, 0),
(129, '', 'Gadignani', 'P', 'Bol', 0, 0),
(130, '', 'Gianello', 'P', 'Nap', 0, 0),
(131, '', 'Handanovic', 'P', 'Udi', 0, 0),
(132, '', 'Iezzo', 'P', 'Nap', 0, 0),
(133, '', 'Jaakkola', 'P', 'Sie', 0, 0),
(134, '', 'Julio Cesar', 'P', 'Int', 0, 0),
(135, '', 'Julio Sergio B.', 'P', 'Rom', 0, 0),
(136, '', 'Kalac', 'P', 'Mil', 0, 0),
(137, '', 'Kosicky', 'P', 'Cat', 0, 0),
(138, '', 'Manninger', 'P', 'Juv', 0, 0),
(139, '', 'Marchetti', 'P', 'Cag', 0, 0),
(140, '', 'Marino', 'P', 'Reg', 0, 0),
(141, '', 'Mirante', 'P', 'Sam', 0, 0),
(142, '', 'Muslera', 'P', 'Laz', 0, 0),
(143, '', 'Navarro', 'P', 'Nap', 0, 0),
(144, '', 'Novembre', 'P', 'Juv', 0, 0),
(145, '', 'Orlandoni', 'P', 'Int', 0, 0),
(146, '', 'Padelli', 'P', 'Sam', 0, 0),
(148, '', 'Polito', 'P', 'Cat', 0, 0),
(149, '', 'Puggioni', 'P', 'Reg', 0, 0),
(150, '', 'Rosati', 'P', 'Lec', 0, 0),
(151, '', 'Rubinho', 'P', 'Gen', 0, 0),
(152, '', 'Scarpi', 'P', 'Gen', 0, 0),
(153, '', 'Sereni', 'P', 'Tor', 0, 0),
(155, '', 'Sorrentino', 'P', 'Chi', 0, 0),
(156, '', 'Squizzi', 'P', 'Chi', 0, 0),
(157, '', 'Storari', 'P', 'Fio', 0, 0),
(158, '', 'Toldo', 'P', 'Int', 0, 0),
(201, '', 'Accardi', 'D', 'Sam', 0, 0),
(202, '', 'Agostini', 'D', 'Cag', 0, 0),
(203, '', 'Alvarez P.', 'D', 'Reg', 0, 0),
(204, '', 'Alvarez P.s.', 'D', 'Cat', 0, 0),
(205, '', 'Andrade', 'D', 'Juv', 0, 0),
(206, '', 'Andreolli', 'D', 'Rom', 0, 0),
(207, '', 'Angelo', 'D', 'Lec', 0, 0),
(208, '', 'Antonini', 'D', 'Mil', 0, 0),
(209, '', 'Antunes', 'D', 'Lec', 0, 0),
(210, '', 'Aronica', 'D', 'Reg', 0, 0),
(211, '', 'Astori', 'D', 'Cag', 0, 0),
(212, '', 'Balzaretti', 'D', 'Pal', 0, 0),
(213, '', 'Basta', 'D', 'Udi', 0, 0),
(214, '', 'Belleri', 'D', 'Laz', 0, 0),
(215, '', 'Bellini', 'D', 'Ata', 0, 0),
(216, '', 'Belmonte', 'D', 'Sie', 0, 0),
(217, '', 'Bianco', 'D', 'Cag', 0, 0),
(218, '', 'Biava', 'D', 'Gen', 0, 0),
(219, '', 'Bocchetti', 'D', 'Gen', 0, 0),
(220, '', 'Bonera', 'D', 'Mil', 0, 0),
(221, '', 'Bovo', 'D', 'Pal', 0, 0),
(222, '', 'Brandao', 'D', 'Sie', 0, 0),
(223, '', 'Britos', 'D', 'Bol', 0, 0),
(224, '', 'Burdisso', 'D', 'Int', 0, 0),
(225, '', 'Cala''', 'D', 'Udi', 0, 0),
(226, '', 'Campagnaro', 'D', 'Sam', 0, 0),
(227, '', 'Canini', 'D', 'Cag', 0, 0),
(228, '', 'Cannavaro', 'D', 'Nap', 0, 0),
(229, '', 'Capelli', 'D', 'Ata', 0, 0),
(230, '', 'Caprini', 'D', 'Tor', 0, 0),
(231, '', 'Capuano', 'D', 'Pal', 0, 0),
(232, '', 'Carrozzieri', 'D', 'Pal', 0, 0),
(233, '', 'Cassani', 'D', 'Pal', 0, 0),
(234, '', 'Cassetti', 'D', 'Rom', 0, 0),
(235, '', 'Castellini', 'D', 'Bol', 0, 0),
(236, '', 'Cesar', 'D', 'Chi', 0, 0),
(237, '', 'Chiellini', 'D', 'Juv', 0, 0),
(238, '', 'Chivu', 'D', 'Int', 0, 0),
(239, '', 'Cicinho', 'D', 'Rom', 0, 0),
(240, '', 'Cirillo', 'D', 'Reg', 0, 0),
(241, '', 'Coda', 'D', 'Udi', 0, 0),
(242, '', 'Colombo', 'D', 'Tor', 0, 0),
(243, '', 'Comotto', 'D', 'Fio', 0, 0),
(244, '', 'Contini', 'D', 'Nap', 0, 0),
(245, '', 'Cordoba', 'D', 'Int', 0, 0),
(246, '', 'Cosenza', 'D', 'Reg', 0, 0),
(247, '', 'Costa', 'D', 'Reg', 0, 0),
(248, '', 'Cottafava', 'D', 'Lec', 0, 0),
(249, '', 'Cribari', 'D', 'Laz', 0, 0),
(250, '', 'Criscito', 'D', 'Gen', 0, 0),
(251, '', 'Da Costa', 'D', 'Fio', 0, 0),
(252, '', 'Dainelli', 'D', 'Fio', 0, 0),
(253, '', 'Darmian', 'D', 'Mil', 0, 0),
(254, '', 'De Ceglie', 'D', 'Juv', 0, 0),
(255, '', 'Del Grosso', 'D', 'Cag', 0, 0),
(256, '', 'Del Prete', 'D', 'Sie', 0, 0),
(257, '', 'Dellafiore', 'D', 'Pal', 0, 0),
(258, '', 'Di Loreto', 'D', 'Tor', 0, 0),
(259, '', 'Diakite''', 'D', 'Laz', 0, 0),
(260, '', 'Diamoutene', 'D', 'Lec', 0, 0),
(261, '', 'Digao', 'D', 'Mil', 0, 0),
(262, '', 'Domizzi', 'D', 'Nap', 0, 0),
(263, '', 'Esposito', 'D', 'Lec', 0, 0),
(264, '', 'Favalli', 'D', 'Mil', 0, 0),
(265, '', 'Felipe', 'D', 'Udi', 0, 0),
(266, '', 'Ferri', 'D', 'Cag', 0, 0),
(267, '', 'Ferronetti', 'D', 'Udi', 0, 0),
(268, '', 'Ficagna', 'D', 'Sie', 0, 0),
(269, '', 'Franceschini I.', 'D', 'Tor', 1, 0),
(270, '', 'Frey', 'D', 'Chi', 1, 0),
(271, '', 'Gamberini', 'D', 'Fio', 0, 0),
(272, '', 'Garics', 'D', 'Ata', 0, 0),
(273, '', 'Gastaldello', 'D', 'Sam', 1, 0),
(275, '', 'Giosa', 'D', 'Reg', 0, 0),
(276, '', 'Giuliatto', 'D', 'Lec', 1, 0),
(277, '', 'Grava', 'D', 'Nap', 0, 0),
(278, '', 'Grygera', 'D', 'Juv', 0, 0),
(279, '', 'Jankulovski', 'D', 'Mil', 0, 0),
(280, '', 'Juan', 'D', 'Rom', 0, 0),
(281, '', 'Kaladze', 'D', 'Mil', 0, 0),
(282, '', 'Kjaer', 'D', 'Pal', 1, 0),
(283, '', 'Knezevic', 'D', 'Juv', 0, 0),
(284, '', 'Kroldrup', 'D', 'Fio', 0, 0),
(285, '', 'Lanna', 'D', 'Bol', 1, 0),
(286, '', 'Lanzaro', 'D', 'Reg', 0, 0),
(287, '', 'Legrottaglie', 'D', 'Juv', 0, 0),
(288, '', 'Lopez', 'D', 'Cag', 0, 0),
(289, '', 'Loria', 'D', 'Rom', 0, 0),
(290, '', 'Lucchini', 'D', 'Sam', 1, 0),
(291, '', 'Lukovic', 'D', 'Udi', 1, 0),
(292, '', 'Magliocchetti', 'D', 'Cag', 0, 0),
(293, '', 'Maicon', 'D', 'Int', 0, 0),
(294, '', 'Malago''', 'D', 'Chi', 0, 0),
(295, '', 'Maldini', 'D', 'Mil', 0, 0),
(297, '', 'Mandelli', 'D', 'Chi', 0, 0),
(298, '', 'Manfredini T.', 'D', 'Ata', 0, 0),
(299, '', 'Mantovani', 'D', 'Chi', 0, 0),
(301, '', 'Materazzi', 'D', 'Int', 0, 0),
(302, '', 'Maxwell', 'D', 'Int', 0, 0),
(303, '', 'Mazuch', 'D', 'Fio', 0, 0),
(305, '', 'Mellberg', 'D', 'Juv', 0, 0),
(306, '', 'Mexes', 'D', 'Rom', 0, 0),
(307, '', 'Mihoubi', 'D', 'Lec', 0, 0),
(309, '', 'Molinaro', 'D', 'Juv', 0, 0),
(310, '', 'Moras', 'D', 'Bol', 0, 0),
(311, '', 'Moro', 'D', 'Chi', 0, 0),
(312, '', 'Motta', 'D', 'Udi', 0, 0),
(313, '', 'Natali', 'D', 'Tor', 0, 0),
(314, '', 'Nef', 'D', 'Udi', 0, 0),
(315, '', 'Nesta', 'D', 'Mil', 0, 0),
(316, '', 'Oddo', 'D', 'Mil', 0, 0),
(317, '', 'Ogbonna', 'D', 'Tor', 0, 0),
(318, '', 'Panucci', 'D', 'Rom', 0, 0),
(319, '', 'Pasqual', 'D', 'Fio', 0, 0),
(320, '', 'Pasquale', 'D', 'Udi', 0, 0),
(321, '', 'Pellegrino', 'D', 'Ata', 0, 0),
(322, '', 'Pieri', 'D', 'Sam', 0, 0),
(323, '', 'Pisano F.', 'D', 'Cag', 0, 0),
(324, '', 'Pisano M.', 'D', 'Tor', 0, 0),
(325, '', 'Polenghi', 'D', 'Lec', 0, 0),
(326, '', 'Polenta', 'D', 'Gen', 0, 0),
(327, '', 'Portanova', 'D', 'Sie', 0, 0),
(328, '', 'Potenza', 'D', 'Gen', 0, 0),
(329, '', 'Radu', 'D', 'Laz', 0, 0),
(330, '', 'Raggi', 'D', 'Pal', 0, 0),
(331, '', 'Rickler', 'D', 'Chi', 0, 0),
(332, '', 'Riise', 'D', 'Rom', 0, 0),
(333, '', 'Rinaudo', 'D', 'Nap', 0, 0),
(334, '', 'Rivalta', 'D', 'Ata', 0, 0),
(335, '', 'Rivas', 'D', 'Int', 0, 0),
(336, '', 'Rizzo', 'D', 'Reg', 0, 0),
(337, '', 'Rodriguez', 'D', 'Bol', 0, 0),
(338, '', 'Rolandone', 'D', 'Tor', 0, 0),
(339, '', 'Rossettini', 'D', 'Sie', 0, 0),
(340, '', 'Rossi A.', 'D', 'Sie', 0, 0),
(341, '', 'Rossini J.', 'D', 'Sam', 0, 0),
(342, '', 'Rozehnal', 'D', 'Laz', 0, 0),
(343, '', 'Rubin', 'D', 'Tor', 0, 0),
(344, '', 'Sabato', 'D', 'Cat', 0, 0),
(345, '', 'Samuel', 'D', 'Int', 0, 0),
(346, '', 'Santacroce', 'D', 'Nap', 0, 0),
(347, '', 'Santos', 'D', 'Reg', 0, 0),
(348, '', 'Sardo', 'D', 'Cat', 0, 0),
(349, '', 'Savini', 'D', 'Nap', 0, 0),
(350, '', 'Scardina', 'D', 'Chi', 0, 0),
(351, '', 'Schiavi', 'D', 'Lec', 0, 0),
(352, '', 'Signorini', 'D', 'Gen', 0, 0),
(353, '', 'Silvestre', 'D', 'Cat', 0, 0),
(354, '', 'Silvestri', 'D', 'Cat', 0, 0),
(356, '', 'Sissoko', 'D', 'Udi', 0, 0),
(357, '', 'Siviglia', 'D', 'Laz', 0, 0),
(358, '', 'Sottil', 'D', 'Cat', 0, 0),
(359, '', 'Stankevicius', 'D', 'Sam', 0, 0),
(360, '', 'Stendardo', 'D', 'Laz', 0, 0),
(361, '', 'Stovini', 'D', 'Cat', 0, 0),
(362, '', 'Tagliani', 'D', 'Fio', 0, 0),
(363, '', 'Talamonti', 'D', 'Ata', 0, 0),
(364, '', 'Terlizzi', 'D', 'Cat', 0, 0),
(365, '', 'Terzi', 'D', 'Bol', 0, 0),
(366, '', 'Tonetto', 'D', 'Rom', 0, 0),
(367, '', 'Valdez', 'D', 'Reg', 0, 0),
(368, '', 'Vanden Borre', 'D', 'Gen', 0, 0),
(369, '', 'Vargas', 'D', 'Fio', 0, 0),
(370, '', 'Volta', 'D', 'Sam', 0, 0),
(371, '', 'Zambrotta', 'D', 'Mil', 0, 0),
(372, '', 'Zapata', 'D', 'Udi', 0, 0),
(373, '', 'Zauri', 'D', 'Fio', 0, 0),
(374, '', 'Zebina', 'D', 'Juv', 0, 0),
(375, '', 'Zenoni C.', 'D', 'Bol', 0, 0),
(376, '', 'Zuniga', 'D', 'Sie', 0, 0),
(377, '', 'Papastathopoulos', 'D', 'Gen', 0, 0),
(378, '', 'Pratali', 'D', 'Tor', 0, 0),
(379, '', 'Vujadinovic', 'D', 'Udi', 0, 0),
(380, '', 'Ferrari', 'D', 'Gen', 0, 0),
(381, '', 'Bottinelli', 'D', 'Sam', 0, 0),
(382, '', 'Santon', 'D', 'Int', 0, 0),
(383, '', 'Tuia', 'D', 'Laz', 0, 0),
(501, '', 'Abate', 'C', 'Tor', 0, 0),
(502, '', 'Almiron', 'C', 'Fio', 0, 0),
(503, '', 'Ambrosini', 'C', 'Mil', 0, 0),
(504, '', 'Amodio', 'C', 'Nap', 0, 0),
(505, '', 'Amoroso', 'C', 'Bol', 0, 0),
(506, '', 'Aquilani', 'C', 'Rom', 0, 0),
(507, '', 'Ardito', 'C', 'Lec', 0, 0),
(508, '', 'Ariatti', 'C', 'Lec', 0, 0),
(509, '', 'Baiocco', 'C', 'Cat', 0, 0),
(510, '', 'Barilla''', 'C', 'Reg', 0, 0),
(511, '', 'Barone', 'C', 'Tor', 0, 0),
(512, '', 'Baronio', 'C', 'Laz', 0, 0),
(513, '', 'Barreto E.', 'C', 'Reg', 0, 0),
(514, '', 'Barusso', 'C', 'Sie', 0, 0),
(515, '', 'Bentivoglio', 'C', 'Chi', 0, 0),
(516, '', 'Biagianti', 'C', 'Cat', 0, 0),
(517, '', 'Biondini', 'C', 'Cag', 0, 0),
(518, '', 'Blasi', 'C', 'Nap', 0, 0),
(519, '', 'Bogliacino', 'C', 'Nap', 0, 0),
(520, '', 'Bolzoni', 'C', 'Int', 0, 0),
(521, '', 'Bombardini', 'C', 'Bol', 0, 0),
(522, '', 'Bottone', 'C', 'Tor', 0, 0),
(523, '', 'Boudianski', 'C', 'Udi', 0, 0),
(524, '', 'Bresciano', 'C', 'Pal', 0, 0),
(525, '', 'Brienza', 'C', 'Reg', 0, 0),
(526, '', 'Brighi', 'C', 'Rom', 0, 0),
(527, '', 'Brocchi', 'C', 'Mil', 0, 0),
(528, '', 'Caetano', 'C', 'Sie', 0, 0),
(529, '', 'Cambiasso', 'C', 'Int', 0, 0),
(530, '', 'Camoranesi', 'C', 'Juv', 0, 0),
(531, '', 'Carboni', 'C', 'Cat', 0, 0),
(532, '', 'Carmona', 'C', 'Reg', 0, 0),
(533, '', 'Carrus', 'C', 'Bol', 0, 0),
(534, '', 'Cascione', 'C', 'Reg', 0, 0),
(535, '', 'Caserta', 'C', 'Lec', 0, 0),
(536, '', 'Ciaramitaro', 'C', 'Pal', 0, 0),
(537, '', 'Cigarini', 'C', 'Ata', 0, 0),
(538, '', 'Codrea', 'C', 'Sie', 0, 0),
(539, '', 'Coelho', 'C', 'Bol', 0, 0),
(540, '', 'Colucci', 'C', 'Cat', 0, 0),
(541, '', 'Confalone', 'C', 'Bol', 0, 0),
(542, '', 'Conti', 'C', 'Cag', 0, 0),
(543, '', 'Coppola', 'C', 'Sie', 0, 0),
(544, '', 'Corini', 'C', 'Tor', 0, 0),
(545, '', 'Cossu', 'C', 'Cag', 0, 0),
(546, '', 'Cotza', 'C', 'Cag', 0, 0),
(547, '', 'Cozza', 'C', 'Reg', 0, 0),
(548, '', 'Dabo', 'C', 'Laz', 0, 0),
(549, '', 'Dacourt', 'C', 'Int', 0, 0),
(550, '', 'D''Agostino A.', 'C', 'Ata', 0, 0),
(551, '', 'D''Agostino G.', 'C', 'Udi', 0, 0),
(552, '', 'Dalla Bona', 'C', 'Nap', 0, 0),
(553, '', 'D''Anna', 'C', 'Chi', 0, 0),
(554, '', 'De Ascentis', 'C', 'Ata', 0, 0),
(556, '', 'De Rossi', 'C', 'Rom', 0, 0),
(557, '', 'De Silvestri', 'C', 'Laz', 0, 0),
(558, '', 'De Zerbi', 'C', 'Nap', 0, 0),
(559, '', 'Defendi', 'C', 'Ata', 0, 0),
(560, '', 'Delvecchio', 'C', 'Sam', 0, 0),
(561, '', 'Dessena', 'C', 'Sam', 0, 0),
(562, '', 'Di Gennaro', 'C', 'Gen', 0, 0),
(563, '', 'Di Matteo L.', 'C', 'Pal', 0, 0),
(564, '', 'Diana', 'C', 'Tor', 0, 0),
(566, '', 'Donadel', 'C', 'Fio', 0, 0),
(567, '', 'Doni C.', 'C', 'Ata', 0, 0),
(568, '', 'Edusei', 'C', 'Cat', 1, 0),
(569, '', 'Ekdal', 'C', 'Juv', 0, 0),
(570, '', 'Emerson', 'C', 'Mil', 0, 0),
(571, '', 'Eramo', 'C', 'Sam', 0, 0),
(572, '', 'Eremenko', 'C', 'Udi', 0, 0),
(573, '', 'Fabiano', 'C', 'Reg', 0, 0),
(574, '', 'Fabiano M.', 'C', 'Lec', 0, 0),
(575, '', 'Felipe Melo', 'C', 'Fio', 0, 0),
(576, '', 'Feltscher', 'C', 'Lec', 0, 0),
(577, '', 'Ferreira Pinto', 'C', 'Ata', 0, 0),
(578, '', 'Figo', 'C', 'Int', 0, 0),
(579, '', 'Fini', 'C', 'Cag', 0, 0),
(580, '', 'Firmani', 'C', 'Laz', 0, 0),
(581, '', 'Flamini', 'C', 'Mil', 0, 0),
(582, '', 'Foggia', 'C', 'Laz', 0, 0),
(583, '', 'Franceschini D.', 'C', 'Sam', 0, 0),
(584, '', 'Galloppa', 'C', 'Sie', 0, 0),
(585, '', 'Gargano', 'C', 'Nap', 0, 0),
(586, '', 'Gasbarroni', 'C', 'Gen', 0, 0),
(587, '', 'Gattuso', 'C', 'Mil', 0, 0),
(588, '', 'Giacomazzi', 'C', 'Lec', 0, 0),
(589, '', 'Giovinco', 'C', 'Juv', 0, 0),
(590, '', 'Gobbi', 'C', 'Fio', 0, 0),
(591, '', 'Grella', 'C', 'Tor', 0, 0),
(593, '', 'Guana', 'C', 'Pal', 0, 0),
(594, '', 'Guarente', 'C', 'Ata', 0, 0),
(595, '', 'Hallfredsson', 'C', 'Reg', 0, 0),
(596, '', 'Hamsik', 'C', 'Nap', 0, 0),
(597, '', 'Inler', 'C', 'Udi', 0, 0),
(598, '', 'Isla', 'C', 'Udi', 0, 0),
(599, '', 'Italiano', 'C', 'Chi', 0, 0),
(600, '', 'Jankovic', 'C', 'Pal', 0, 0),
(601, '', 'Jarolim', 'C', 'Sie', 0, 0),
(602, '', 'Jimenez', 'C', 'Int', 0, 0),
(603, '', 'Jorgensen', 'C', 'Fio', 0, 0),
(604, '', 'Jovetic', 'C', 'Fio', 0, 0),
(605, '', 'Juric', 'C', 'Gen', 0, 0),
(606, '', 'Kaka''', 'C', 'Mil', 0, 0),
(607, '', 'Kharja', 'C', 'Sie', 0, 0),
(608, '', 'Kolarov', 'C', 'Laz', 0, 0),
(609, '', 'Koman', 'C', 'Sam', 0, 0),
(610, '', 'Kuzmanovic', 'C', 'Fio', 0, 0),
(611, '', 'Lavecchia', 'C', 'Bol', 0, 0),
(612, '', 'Ledesma C.', 'C', 'Laz', 0, 0),
(613, '', 'Ledesma P.', 'C', 'Cat', 0, 0),
(614, '', 'Lichtsteiner', 'C', 'Laz', 0, 0),
(615, '', 'Liverani', 'C', 'Pal', 0, 0),
(616, '', 'Luciano', 'C', 'Chi', 0, 0),
(617, '', 'Maggio', 'C', 'Nap', 0, 0),
(618, '', 'Mancini', 'C', 'Int', 0, 0),
(619, '', 'Mancini M.', 'C', 'Sie', 0, 0),
(620, '', 'Manfredini C.', 'C', 'Laz', 0, 0),
(621, '', 'Mannini', 'C', 'Nap', 0, 0),
(622, '', 'Manzoni', 'C', 'Ata', 0, 0),
(623, '', 'Marchionni', 'C', 'Juv', 0, 0),
(624, '', 'Marchisio', 'C', 'Juv', 0, 0),
(625, '', 'Marcolini', 'C', 'Chi', 0, 0),
(626, '', 'Masiello S.', 'C', 'Udi', 0, 0),
(627, '', 'Matuzalem', 'C', 'Laz', 0, 0),
(628, '', 'Mauri', 'C', 'Laz', 0, 0),
(629, '', 'Meghni', 'C', 'Laz', 0, 0),
(630, '', 'Mesto', 'C', 'Gen', 0, 0),
(631, '', 'Migliaccio', 'C', 'Pal', 0, 0),
(632, '', 'Milanetto', 'C', 'Gen', 0, 0),
(633, '', 'Millesi', 'C', 'Cat', 0, 0),
(634, '', 'Mingazzini', 'C', 'Bol', 1, 0),
(635, '', 'Missiroli', 'C', 'Reg', 0, 0),
(636, '', 'Modesto', 'C', 'Gen', 0, 0),
(637, '', 'Montervino', 'C', 'Nap', 0, 0),
(638, '', 'Montiel', 'C', 'Reg', 0, 0),
(639, '', 'Montolivo', 'C', 'Fio', 0, 0),
(640, '', 'Mudingayi', 'C', 'Bol', 0, 0),
(641, '', 'Munari', 'C', 'Lec', 0, 0),
(642, '', 'Muntari', 'C', 'Int', 0, 0),
(643, '', 'Mutarelli', 'C', 'Laz', 0, 0),
(644, '', 'Nedved', 'C', 'Juv', 0, 0),
(645, '', 'Nocerino', 'C', 'Pal', 1, 0),
(646, '', 'Obodo', 'C', 'Udi', 0, 0),
(647, '', 'Olivera', 'C', 'Gen', 1, 0),
(648, '', 'Padalino', 'C', 'Sam', 0, 0),
(649, '', 'Padoin', 'C', 'Ata', 0, 0),
(650, '', 'Palladino', 'C', 'Gen', 0, 0),
(651, '', 'Palombo', 'C', 'Sam', 0, 0),
(652, '', 'Paro', 'C', 'Gen', 0, 0),
(653, '', 'Parola', 'C', 'Cag', 1, 0),
(654, '', 'Pazienza', 'C', 'Nap', 0, 0),
(655, '', 'Pele''', 'C', 'Int', 1, 0),
(656, '', 'Perrotta', 'C', 'Rom', 0, 0),
(657, '', 'Pinzi', 'C', 'Udi', 0, 0),
(658, '', 'Pirlo', 'C', 'Mil', 0, 0),
(659, '', 'Pizarro', 'C', 'Rom', 0, 0),
(660, '', 'Poli', 'C', 'Sam', 1, 0),
(661, '', 'Poulsen', 'C', 'Juv', 0, 0),
(662, '', 'Quadri', 'C', 'Laz', 0, 0),
(664, '', 'Rigoni', 'C', 'Chi', 0, 0),
(666, '', 'Rosina', 'C', 'Tor', 0, 0),
(667, '', 'Rossi M.', 'C', 'Gen', 0, 0),
(668, '', 'Salihamidzic', 'C', 'Juv', 0, 0),
(669, '', 'Sammarco', 'C', 'Sam', 0, 0),
(670, '', 'Santana', 'C', 'Fio', 0, 0),
(671, '', 'Saumel', 'C', 'Tor', 0, 0),
(672, '', 'Sculli', 'C', 'Gen', 0, 0),
(673, '', 'Seedorf', 'C', 'Mil', 0, 0),
(674, '', 'Semioli', 'C', 'Fio', 0, 0),
(675, '', 'Simplicio', 'C', 'Pal', 0, 0),
(676, '', 'Siqueira', 'C', 'Udi', 0, 0),
(677, '', 'Sissoko M.', 'C', 'Juv', 0, 0),
(678, '', 'Stankovic', 'C', 'Int', 0, 0),
(679, '', 'Taddei', 'C', 'Rom', 0, 0),
(680, '', 'Tedesco Gia.', 'C', 'Cat', 0, 0),
(681, '', 'Tedesco Gio.', 'C', 'Pal', 0, 0),
(682, '', 'Tiago', 'C', 'Juv', 0, 0),
(683, '', 'Tissone', 'C', 'Udi', 0, 0),
(684, '', 'Tognozzi', 'C', 'Reg', 0, 0),
(685, '', 'Vailatti', 'C', 'Tor', 0, 0),
(686, '', 'Valdes', 'C', 'Ata', 0, 0),
(687, '', 'Valiani', 'C', 'Bol', 0, 0),
(688, '', 'Vergassola', 'C', 'Sie', 0, 0),
(689, '', 'Vieira', 'C', 'Int', 0, 0),
(690, '', 'Vigiani', 'C', 'Reg', 0, 0),
(691, '', 'Vives', 'C', 'Lec', 0, 0),
(692, '', 'Volpi', 'C', 'Bol', 0, 0),
(693, '', 'Zanchetta', 'C', 'Lec', 0, 0),
(694, '', 'Zanetti C.', 'C', 'Juv', 0, 0),
(695, '', 'Zanetti J.', 'C', 'Int', 0, 0),
(696, '', 'Zanetti P.', 'C', 'Tor', 0, 0),
(697, '', 'Ziegler', 'C', 'Sam', 0, 0),
(698, '', 'Viudez', 'C', 'Mil', 0, 0),
(699, '', 'Cardacio', 'C', 'Mil', 0, 0),
(700, '', 'Grippo', 'C', 'Chi', 0, 0),
(701, '', 'Vitale', 'C', 'Nap', 0, 0),
(702, '', 'Patrascu', 'C', 'Chi', 0, 0),
(801, '', 'Abbruscato', 'A', 'Tor', 0, 0),
(802, '', 'Acquafresca', 'A', 'Cag', 0, 0),
(803, '', 'Adailton', 'A', 'Bol', 0, 0),
(804, '', 'Adriano', 'A', 'Int', 0, 0),
(805, '', 'Amauri', 'A', 'Juv', 0, 0),
(806, '', 'Amoruso', 'A', 'Tor', 0, 0),
(808, '', 'Balotelli', 'A', 'Int', 0, 0),
(809, '', 'Bellucci', 'A', 'Sam', 0, 0),
(810, '', 'Bernacci', 'A', 'Bol', 0, 0),
(812, '', 'Bogdani', 'A', 'Chi', 0, 0),
(813, '', 'Bonazzoli', 'A', 'Sam', 0, 0),
(814, '', 'Borriello', 'A', 'Mil', 0, 0),
(815, '', 'Budan', 'A', 'Pal', 0, 0),
(816, '', 'Cacia', 'A', 'Lec', 0, 0),
(817, '', 'Calaio''', 'A', 'Sie', 0, 0),
(818, '', 'Carbonaro', 'A', 'Pal', 0, 0),
(819, '', 'Cassano', 'A', 'Sam', 0, 0),
(820, '', 'Catellani', 'A', 'Cat', 0, 0),
(821, '', 'Cavani', 'A', 'Pal', 0, 0),
(822, '', 'Ceravolo', 'A', 'Reg', 0, 0),
(823, '', 'Cerci', 'A', 'Ata', 0, 0),
(824, '', 'Coda', 'A', 'Bol', 0, 0),
(825, '', 'Corvia', 'A', 'Sie', 0, 0),
(826, '', 'Crespo', 'A', 'Int', 0, 0),
(827, '', 'Cruz', 'A', 'Int', 0, 0),
(828, '', 'De Melo', 'A', 'Pal', 0, 0),
(830, '', 'Del Nero', 'A', 'Laz', 0, 0),
(831, '', 'Del Piero', 'A', 'Juv', 0, 0),
(832, '', 'Delia', 'A', 'Cat', 0, 0),
(833, '', 'Denis', 'A', 'Nap', 0, 0),
(834, '', 'Di Michele', 'A', 'Tor', 0, 0),
(835, '', 'Di Natale', 'A', 'Udi', 0, 0),
(836, '', 'Di Vaio', 'A', 'Gen', 0, 0),
(837, '', 'Dica', 'A', 'Cat', 0, 0),
(838, '', 'Esposito', 'A', 'Rom', 0, 0),
(839, '', 'Figueroa', 'A', 'Gen', 0, 0),
(840, '', 'Floccari', 'A', 'Ata', 0, 0),
(841, '', 'Floro Flores', 'A', 'Udi', 0, 0),
(842, '', 'Forestieri', 'A', 'Sie', 0, 0),
(843, '', 'Fornaroli', 'A', 'Sam', 0, 0),
(844, '', 'Foti', 'A', 'Udi', 0, 0),
(845, '', 'Frick', 'A', 'Sie', 0, 0),
(846, '', 'Gasparetto', 'A', 'Chi', 0, 0),
(847, '', 'Ghezzal', 'A', 'Sie', 0, 0),
(848, '', 'Gilardino', 'A', 'Fio', 0, 0),
(850, '', 'Iaquinta', 'A', 'Juv', 0, 0),
(851, '', 'Ibrahimovic', 'A', 'Int', 0, 0),
(852, '', 'Inzaghi F.', 'A', 'Mil', 0, 0),
(853, '', 'Inzaghi S.', 'A', 'Laz', 0, 0),
(854, '', 'Iunco', 'A', 'Chi', 0, 0),
(855, '', 'Izco', 'A', 'Cat', 0, 0),
(856, '', 'Jeda', 'A', 'Cag', 0, 0),
(857, '', 'Joelson', 'A', 'Reg', 0, 0),
(858, '', 'Konan', 'A', 'Lec', 0, 0),
(859, '', 'Langella', 'A', 'Udi', 0, 0),
(860, '', 'Lanzafame', 'A', 'Pal', 0, 0),
(861, '', 'Larrivey', 'A', 'Cag', 1, 0),
(862, '', 'Lavezzi', 'A', 'Nap', 0, 0),
(863, '', 'Lazzari', 'A', 'Cag', 0, 0),
(864, '', 'Maccarone', 'A', 'Sie', 0, 0),
(865, '', 'Makinwa', 'A', 'Laz', 0, 0),
(866, '', 'Malonga', 'A', 'Tor', 0, 0),
(867, '', 'Marazzina', 'A', 'Bol', 0, 0),
(868, '', 'Marconi', 'A', 'Ata', 0, 0),
(869, '', 'Martinez J.', 'A', 'Cat', 0, 0),
(870, '', 'Mascara', 'A', 'Cat', 1, 0),
(871, '', 'Masiero Matias', 'A', 'Gen', 0, 0),
(872, '', 'Matri', 'A', 'Cag', 0, 0),
(873, '', 'Miccoli', 'A', 'Pal', 0, 0),
(874, '', 'Montella', 'A', 'Rom', 1, 0),
(875, '', 'Morimoto', 'A', 'Cat', 0, 0),
(876, '', 'Moro', 'A', 'Tor', 0, 0),
(877, '', 'Mutu', 'A', 'Fio', 1, 0),
(879, '', 'Obinna', 'A', 'Chi', 0, 0),
(880, '', 'Okaka', 'A', 'Rom', 0, 0),
(881, '', 'Osvaldo', 'A', 'Fio', 1, 0),
(882, '', 'Paloschi', 'A', 'Mil', 0, 0),
(883, '', 'Pandev', 'A', 'Laz', 0, 0),
(884, '', 'Paolucci', 'A', 'Cat', 0, 0),
(885, '', 'Paonessa', 'A', 'Bol', 1, 0),
(886, '', 'Papa Waigo', 'A', 'Fio', 0, 0),
(887, '', 'Pato', 'A', 'Mil', 0, 0),
(888, '', 'Pazzini', 'A', 'Fio', 0, 0),
(889, '', 'Pellissier', 'A', 'Chi', 0, 0),
(890, '', 'Pepe', 'A', 'Udi', 0, 0),
(891, '', 'Pia''', 'A', 'Nap', 0, 0),
(892, '', 'Plasmati', 'A', 'Cat', 0, 0),
(893, '', 'Porta', 'A', 'Sie', 0, 0),
(894, '', 'Quagliarella', 'A', 'Udi', 0, 0),
(895, '', 'Rocchi', 'A', 'Laz', 0, 0),
(896, '', 'Ronaldinho', 'A', 'Mil', 0, 0),
(897, '', 'Russotto', 'A', 'Nap', 0, 0),
(898, '', 'Sanchez', 'A', 'Udi', 0, 0),
(899, '', 'Spinesi', 'A', 'Cat', 0, 0),
(900, '', 'Stellone', 'A', 'Tor', 0, 0),
(901, '', 'Stuani', 'A', 'Reg', 0, 0),
(902, '', 'Suazo', 'A', 'Int', 0, 0),
(903, '', 'Tiribocchi', 'A', 'Lec', 0, 0),
(904, '', 'Totti', 'A', 'Rom', 0, 0),
(905, '', 'Trezeguet', 'A', 'Juv', 0, 0),
(906, '', 'Ventola', 'A', 'Tor', 0, 0),
(907, '', 'Vieri', 'A', 'Ata', 0, 0),
(908, '', 'Vucinic', 'A', 'Rom', 0, 0),
(909, '', 'Zalayeta', 'A', 'Nap', 0, 0),
(910, '', 'Zarate', 'A', 'Laz', 0, 0),
(911, '', 'Corradi', 'A', 'Reg', 0, 0),
(912, '', 'Castillo', 'A', 'Lec', 0, 0);

-- --------------------------------------------------------

--
-- Struttura della tabella `giornate`
--

DROP TABLE IF EXISTS `giornate`;
CREATE TABLE IF NOT EXISTS `giornate` (
  `idGiornata` int(10) unsigned NOT NULL auto_increment,
  `dataInizio` datetime NOT NULL default '0000-00-00 00:00:00',
  `dataFine` datetime NOT NULL default '0000-00-00 00:00:00',
  `dataCenterInizio` datetime NOT NULL default '0000-00-00 00:00:00' COMMENT 'Serve per correggere bug che impedisce di capire la giornata in cui si &#65533;.Questo indica la data di inizio',
  `dataCenterFine` datetime NOT NULL default '0000-00-00 00:00:00' COMMENT 'Serve per correggere bug che impedisce di capire la giornata in cui si &#65533;.Questo indica la data di fine',
  PRIMARY KEY  (`idGiornata`)
) ENGINE=InnoDB  DEFAULT CHARSET=utf8 COLLATE=utf8_unicode_ci AUTO_INCREMENT=40 ;

--
-- Dump dei dati per la tabella `giornate`
--

INSERT INTO `giornate` (`idGiornata`, `dataInizio`, `dataFine`, `dataCenterInizio`, `dataCenterFine`) VALUES
(1, '2008-08-18 00:00:00', '2008-08-30 17:50:00', '2008-08-30 17:50:01', '2008-08-31 22:29:59'),
(2, '2008-08-31 22:30:00', '2008-09-13 17:50:00', '2008-09-13 17:50:01', '2008-09-14 22:29:59'),
(3, '2008-09-14 22:30:00', '2008-09-20 17:50:00', '2008-09-20 17:50:01', '2008-09-21 22:29:59'),
(4, '2008-09-21 22:30:00', '2008-09-24 20:20:00', '2008-09-24 20:20:01', '2008-09-24 22:29:59'),
(5, '2008-09-24 22:30:00', '2008-09-27 17:50:00', '2008-09-27 17:50:01', '2008-09-28 20:29:59'),
(6, '2008-09-28 20:30:00', '2008-10-04 17:50:00', '2008-10-04 17:50:01', '2008-10-05 22:29:59'),
(7, '2008-10-05 22:30:00', '2008-10-18 17:50:00', '2008-10-18 17:50:01', '2008-10-19 22:29:59'),
(8, '2008-10-19 22:30:00', '2008-10-25 17:50:00', '2008-10-25 17:50:01', '2008-10-26 22:29:59'),
(9, '2008-10-26 22:30:00', '2008-10-29 20:20:00', '2008-10-29 20:20:01', '2008-10-29 22:29:59'),
(10, '2008-10-29 22:30:00', '2008-11-01 17:50:00', '2008-11-01 17:50:01', '2008-11-02 22:29:59'),
(11, '2008-11-02 22:30:00', '2008-11-08 17:50:00', '2008-11-08 17:50:01', '2008-11-09 22:29:59'),
(12, '2008-11-09 22:30:00', '2008-11-15 17:50:00', '2008-11-15 17:50:01', '2008-11-16 22:29:59'),
(13, '2008-11-16 22:30:00', '2008-11-22 17:50:00', '2008-11-22 17:50:01', '2008-11-23 22:29:59'),
(14, '2008-11-23 22:30:00', '2008-11-29 17:50:00', '2008-11-29 17:50:01', '2008-11-30 22:29:59'),
(15, '2008-11-30 22:30:00', '2008-12-06 17:50:00', '2008-12-06 17:50:01', '2008-12-07 22:29:59'),
(16, '2008-12-07 22:30:00', '2008-12-13 17:50:00', '2008-12-13 17:50:01', '2008-12-14 22:29:59'),
(17, '2008-12-14 22:30:00', '2008-12-20 17:50:00', '2008-12-20 17:50:01', '2008-12-21 22:29:59'),
(18, '2008-12-21 22:30:00', '2009-01-10 17:50:00', '2009-01-10 17:50:01', '2009-01-11 22:29:59'),
(19, '2009-01-11 22:30:00', '2009-01-17 17:50:00', '2009-01-17 17:50:01', '2009-01-18 22:29:59'),
(20, '2008-01-20 22:30:00', '2008-01-26 17:50:00', '2008-01-26 17:50:01', '2008-01-27 22:29:59'),
(21, '2008-01-27 22:30:00', '2008-02-02 17:50:00', '2008-02-02 17:50:01', '2008-02-03 22:29:59'),
(22, '2008-02-03 22:30:00', '2008-02-09 17:50:00', '2008-02-09 17:50:01', '2008-02-10 22:29:59'),
(23, '2008-02-10 22:30:00', '2008-02-16 15:50:00', '2008-02-16 15:50:01', '2008-02-17 22:29:59'),
(24, '2008-02-17 22:30:00', '2008-02-23 17:50:00', '2008-02-23 17:50:01', '2008-02-24 22:29:59'),
(25, '2008-02-24 22:30:00', '2008-02-26 20:20:00', '2008-02-26 20:20:01', '2008-02-27 22:29:59'),
(26, '2008-02-27 22:30:00', '2008-03-01 17:50:00', '2008-03-01 17:50:01', '2008-03-02 22:29:59'),
(27, '2008-03-02 22:30:00', '2008-03-08 17:50:00', '2008-03-08 17:50:01', '2008-03-09 22:29:59'),
(28, '2008-03-09 22:30:00', '2008-03-15 17:50:00', '2008-03-15 17:50:01', '2008-03-16 22:29:59'),
(29, '2008-03-16 22:30:00', '2008-03-19 20:20:00', '2008-03-19 20:20:01', '2008-03-19 22:29:59'),
(30, '2008-03-19 22:30:00', '2008-03-22 14:50:00', '2008-03-22 14:50:01', '2008-03-22 22:29:59'),
(31, '2008-03-22 22:30:00', '2008-03-29 17:50:00', '2008-03-29 17:50:01', '2008-03-30 22:29:59'),
(32, '2008-03-30 22:30:00', '2008-04-05 17:50:00', '2008-04-05 17:50:01', '2008-04-06 22:29:59'),
(33, '2008-04-06 22:30:00', '2008-04-12 17:50:00', '2008-04-12 17:50:01', '2008-04-13 22:29:59'),
(34, '2008-04-13 22:30:00', '2008-04-19 17:50:00', '2008-04-19 17:50:01', '2008-04-20 22:29:59'),
(35, '2008-04-20 22:30:00', '2008-04-27 14:50:00', '2008-04-27 14:50:01', '2008-04-27 22:29:59'),
(36, '2008-04-27 22:30:00', '2008-05-04 14:50:00', '2008-05-04 14:50:01', '2008-05-04 22:29:59'),
(37, '2008-05-04 22:30:00', '2008-05-11 14:50:00', '2008-05-11 14:50:01', '2008-05-11 22:29:59'),
(38, '2008-05-11 22:30:00', '2008-05-17 17:50:00', '2008-05-17 17:50:01', '2008-05-18 22:29:59'),
(39, '2008-05-18 22:30:00', '2008-08-18 00:00:00', '0000-00-00 00:00:00', '0000-00-00 00:00:00');

-- --------------------------------------------------------

--
-- Struttura della tabella `punteggi`
--

DROP TABLE IF EXISTS `punteggi`;
CREATE TABLE IF NOT EXISTS `punteggi` (
  `punteggio` float NOT NULL default '0',
  `IdGiornata` int(10) unsigned NOT NULL default '0',
  `IdSquadra` int(10) unsigned NOT NULL default '0',
  PRIMARY KEY  (`IdGiornata`,`IdSquadra`),
  KEY `IdSquadra` (`IdSquadra`)
) ENGINE=InnoDB DEFAULT CHARSET=utf8 COLLATE=utf8_unicode_ci;

--
-- Dump dei dati per la tabella `punteggi`
--


-- --------------------------------------------------------

--
-- Struttura della tabella `schieramento`
--

DROP TABLE IF EXISTS `schieramento`;
CREATE TABLE IF NOT EXISTS `schieramento` (
  `IdFormazione` int(11) NOT NULL default '0',
  `IdPosizione` int(11) NOT NULL default '0',
  `IdGioc` int(11) NOT NULL default '0',
  `Considerato` int(11) NOT NULL default '0',
  PRIMARY KEY  (`IdFormazione`,`IdPosizione`,`IdGioc`),
  KEY `IdGioca` (`IdGioc`)
) ENGINE=InnoDB DEFAULT CHARSET=utf8 COLLATE=utf8_unicode_ci;

--
-- Dump dei dati per la tabella `schieramento`
--

INSERT INTO `schieramento` (`IdFormazione`, `IdPosizione`, `IdGioc`, `Considerato`) VALUES
(3, 1, 104, 0),
(3, 2, 290, 2),
(3, 3, 270, 1),
(3, 4, 273, 1),
(3, 5, 568, 1),
(3, 6, 634, 1),
(3, 7, 645, 1),
(3, 8, 660, 1),
(3, 9, 861, 1),
(3, 10, 870, 0),
(3, 11, 881, 1),
(3, 12, 109, 1),
(3, 13, 269, 0),
(3, 14, 282, 0),
(3, 15, 655, 0),
(3, 16, 653, 0),
(3, 17, 885, 0),
(3, 18, 877, 1);

-- --------------------------------------------------------

--
-- Struttura della tabella `squadra`
--

DROP TABLE IF EXISTS `squadra`;
CREATE TABLE IF NOT EXISTS `squadra` (
  `IdSquadra` int(11) NOT NULL auto_increment,
  `nome` varchar(30) collate utf8_unicode_ci NOT NULL default '',
  `nomeProp` varchar(15) collate utf8_unicode_ci NOT NULL default '',
  `cognome` varchar(15) collate utf8_unicode_ci NOT NULL default '',
  `mail` varchar(30) collate utf8_unicode_ci NOT NULL default '',
  `username` varchar(15) collate utf8_unicode_ci NOT NULL default '',
  `password` varchar(35) collate utf8_unicode_ci NOT NULL default '',
  `numTrasferimenti` int(11) NOT NULL default '0',
  PRIMARY KEY  (`IdSquadra`)
) ENGINE=InnoDB  DEFAULT CHARSET=utf8 COLLATE=utf8_unicode_ci AUTO_INCREMENT=9 ;

--
-- Dump dei dati per la tabella `squadra`
--

INSERT INTO `squadra` (`IdSquadra`, `nome`, `nomeProp`, `cognome`, `mail`, `username`, `password`, `numTrasferimenti`) VALUES
(1, 'Bolshoi Booze', 'Shane', 'Vendrell', 'Det.ShaneVendrell@yahoo.it', 'Shane17', '098f6bcd4621d373cade4e832627b4f6', 2),
(2, 'FC Rocco', 'Stefano', 'Sonzogni', 'stefano788@gmail.com', 'Fiste788', 'b7dba5a1bc3605a87b59ac8147512c97', 1),
(3, 'Diamo il rigore alla Juve F.C.', 'Riccardo', 'Zambelli', 'bornintheusa@hotmail.it', 'riki', 'c8c773394c9a1678f1841aec3afbe778', 0),
(4, 'Disco Stu lo fa gratis', 'Nicola', 'Sirtoli', 'noce46@hotmail.com', 'noce', '08e3fdbbdc3149e3a13466ee049697fa', 1),
(5, 'SudoMaGodo', 'Gatto', 'Patto', 'giosuegatti@alice.it', 'pat', 'a110098c26c3c89eb54303567f8785f1', 2),
(6, 'Vasco team', 'Mirko', 'Austoni', 'waschetto@hotmail.it', 'austo', 'a40ecdc86e45a0b48b41cef757f47b4b', 0),
(7, 'Underclass Hero', 'Andrea', 'Ghilardi', 'ped1291@hotmail.it', 'ghilo', '179524cec1a4c8333b631534b929050b', 0),
(8, 'Fantatiroteam', 'Andrea', 'Gutierrez', 'cirusguti@hotmail.it', 'guti', '442ecda3aaf3ce806b6245a4ab7f58c0', 0);

-- --------------------------------------------------------

--
-- Struttura della tabella `trasferimenti`
--

DROP TABLE IF EXISTS `trasferimenti`;
CREATE TABLE IF NOT EXISTS `trasferimenti` (
  `IdTrasf` int(10) unsigned NOT NULL auto_increment,
  `IdGiocOld` int(11) NOT NULL default '0',
  `IdGiocNew` int(11) NOT NULL default '0',
  `IdSquadra` int(11) NOT NULL default '0',
  PRIMARY KEY  (`IdTrasf`),
  KEY `IdGiocOld` (`IdGiocOld`),
  KEY `IdGiocNew` (`IdGiocNew`)
) ENGINE=InnoDB DEFAULT CHARSET=utf8 COLLATE=utf8_unicode_ci AUTO_INCREMENT=1 ;

--
-- Dump dei dati per la tabella `trasferimenti`
--


-- --------------------------------------------------------

--
-- Struttura della tabella `voti`
--

DROP TABLE IF EXISTS `voti`;
CREATE TABLE IF NOT EXISTS `voti` (
  `IdGioc` int(11) NOT NULL default '0',
  `IdGiornata` int(11) NOT NULL default '0',
  `Presenza` binary(1) NOT NULL default '\0',
  `Voto` float NOT NULL default '0',
  `Gol` int(11) NOT NULL default '0',
  `Assist` int(11) NOT NULL default '0',
  PRIMARY KEY  (`IdGioc`,`IdGiornata`),
  KEY `IdGioca` (`IdGioc`)
) ENGINE=InnoDB DEFAULT CHARSET=utf8 COLLATE=utf8_unicode_ci;

--
-- Dump dei dati per la tabella `voti`
--

INSERT INTO `voti` (`IdGioc`, `IdGiornata`, `Presenza`, `Voto`, `Gol`, `Assist`) VALUES
(101, 26, '1', 4.5, -2, 0),
(101, 27, '1', 5, -3, 0),
(101, 28, '1', 7, -1, 0),
(102, 26, '0', 0, 0, 0),
(104, 26, '0', 0, 0, 0),
(105, 26, '0', 0, 0, 0),
(106, 26, '0', 0, 0, 0),
(108, 26, '1', 4.5, -1, 0),
(109, 26, '1', 6.5, -3, -1),
(110, 26, '0', 0, 0, 0),
(111, 26, '1', 5, -1, 0),
(112, 26, '0', 0, 0, 0),
(113, 26, '0', 0, 0, 0),
(114, 26, '1', 4, -2, 0),
(116, 26, '0', 0, 0, 0),
(117, 26, '0', 0, 0, 0),
(118, 26, '1', 6, 0, 0),
(120, 26, '0', 0, 0, 0),
(121, 26, '1', 3.5, -2, 0),
(122, 26, '0', 0, 0, 0),
(123, 26, '1', 5.5, -1, 0),
(124, 26, '1', 3.5, -2, 0),
(126, 26, '0', 0, 0, 0),
(127, 26, '0', 0, 0, 0),
(128, 26, '0', 0, 0, 0),
(129, 26, '0', 0, 0, 0),
(131, 26, '1', 7, 0, 0),
(132, 26, '0', 0, 0, 0),
(133, 26, '1', 5, -4, -1),
(134, 26, '0', 0, 0, 0),
(135, 26, '0', 0, 0, 0),
(136, 26, '1', 6.5, 0, 0),
(137, 26, '0', 0, 0, 0),
(138, 26, '1', 5.5, -1, 0),
(139, 26, '0', 0, 0, 0),
(140, 26, '0', 0, 0, 0),
(143, 26, '1', 3, -3, 0),
(145, 26, '0', 0, 0, 0),
(146, 26, '0', 0, 0, 0),
(148, 26, '1', 4.5, -2, 0),
(150, 26, '0', 0, 0, 0),
(151, 26, '0', 0, 0, 0),
(152, 26, '0', 0, 0, 0),
(153, 26, '1', 4, -2, 0),
(154, 26, '1', 7, -1, 0),
(155, 26, '1', 4, -2, 0),
(156, 26, '0', 0, 0, 0),
(157, 26, '0', 0, 0, 0),
(158, 26, '0', 0, 0, 0),
(160, 26, '0', 0, 0, 0),
(161, 26, '0', 0, 0, 0),
(163, 26, '1', 6, 0, 0),
(164, 26, '0', 0, 0, 0),
(165, 26, '0', 0, 0, 0),
(166, 26, '0', 0, 0, 0),
(167, 26, '0', 0, 0, 0),
(168, 26, '0', 0, 0, 0),
(170, 26, '1', 5, -1, 0),
(171, 26, '0', 0, 0, 0),
(172, 26, '0', 0, 0, 0),
(173, 26, '0', 0, 0, 0),
(175, 26, '0', 0, 0, 0),
(176, 26, '1', 3.5, -2, 0),
(177, 26, '0', 0, 0, 0),
(178, 26, '0', 0, 0, 0),
(201, 26, '1', 5.5, 0, 0),
(202, 26, '0', 0, 0, 0),
(204, 26, '0', 0, 0, 0),
(205, 26, '1', 6, 0, 0),
(206, 26, '0', 0, 0, 0),
(208, 26, '1', 6, 0, 0),
(209, 26, '0', 0, 0, 0),
(211, 26, '0', 0, 0, 0),
(212, 26, '0', 0, 0, 0),
(213, 26, '1', 6, 0, 0),
(216, 26, '0', 0, 0, 0),
(217, 26, '0', 0, 0, 0),
(218, 26, '0', 0, 0, 0),
(219, 26, '1', 9.5, 1, 0),
(220, 26, '1', 6, 0, 0),
(221, 26, '0', 0, 0, 0),
(224, 26, '1', 6, 0, 0),
(226, 26, '0', 0, 0, 0),
(228, 26, '0', 0, 0, 0),
(229, 26, '1', 9.5, 1, 0),
(230, 26, '1', 5.5, 0, 0),
(231, 26, '0', 0, 0, 0),
(232, 26, '1', 6, 0, 0),
(233, 26, '1', 7, 0, 0),
(235, 26, '0', 0, 0, 0),
(236, 26, '1', 5.5, 0, 0),
(237, 26, '1', 5.5, 0, 0),
(238, 26, '1', 4.5, 0, 0),
(240, 26, '1', 6, 0, 0),
(241, 26, '0', 0, 0, 0),
(243, 26, '1', 4.5, 0, 0),
(245, 26, '1', 5, 0, 0),
(246, 26, '0', 0, 0, 0),
(248, 26, '1', 5.5, 0, 0),
(249, 26, '0', 0, 0, 0),
(250, 26, '0', 0, 0, 0),
(251, 26, '1', 5, 0, 0),
(252, 26, '0', 0, 0, 0),
(253, 26, '0', 0, 0, 0),
(254, 26, '0', 0, 0, 0),
(255, 26, '0', 0, 0, 0),
(256, 26, '0', 0, 0, 0),
(258, 26, '1', 5.5, 0, 0),
(259, 26, '1', 6, 0, 0),
(260, 26, '1', 6, 0, 0),
(261, 26, '1', 6, 0, 0),
(262, 26, '0', 0, 0, 0),
(263, 26, '1', 9, 1, 0),
(264, 26, '1', 5, 0, 0),
(265, 26, '0', 0, 0, 0),
(266, 26, '1', 5.5, 0, 0),
(267, 26, '0', 0, 0, 0),
(268, 26, '0', 0, 0, 0),
(269, 26, '0', 0, 0, 0),
(270, 26, '0', 0, 0, 0),
(271, 26, '0', 0, 0, 0),
(273, 26, '0', 0, 0, 0),
(275, 26, '1', 6.5, 0, 0),
(276, 26, '0', 0, 0, 0),
(278, 26, '1', 6, 0, 0),
(279, 26, '1', 6, 0, 0),
(280, 26, '0', 0, 0, 0),
(282, 26, '0', 0, 0, 0),
(283, 26, '0', 0, 0, 0),
(285, 26, '0', 0, 0, 0),
(286, 26, '0', 0, 0, 0),
(287, 26, '0', 0, 0, 0),
(288, 26, '0', 0, 0, 0),
(289, 26, '1', 6, 0, 0),
(290, 26, '1', 5, 0, 0),
(291, 26, '0', 0, 0, 0),
(292, 26, '0', 0, 0, 0),
(294, 26, '1', 6, 0, 0),
(295, 26, '1', 6, 0, 0),
(296, 26, '1', 5.5, 0, 0),
(297, 26, '1', 6, 0, 0),
(298, 26, '1', 6, 0, 0),
(299, 26, '1', 5.5, 0, 0),
(300, 26, '0', 0, 0, 0),
(301, 26, '0', 0, 0, 0),
(302, 26, '1', 9.5, 1, 0),
(303, 26, '1', 5.5, 0, 0),
(304, 26, '1', 7.5, 0, 1),
(305, 26, '0', 0, 0, 0),
(307, 26, '1', 6, 0, 0),
(308, 26, '1', 6, 0, 0),
(310, 26, '1', 6, 0, 0),
(311, 26, '1', 6, 0, 0),
(312, 26, '0', 0, 0, 0),
(313, 26, '1', 6, 0, 0),
(315, 26, '0', 0, 0, 0),
(316, 26, '1', 5, 0, 0),
(317, 26, '0', 0, 0, 0),
(318, 26, '0', 0, 0, 0),
(319, 26, '0', 0, 0, 0),
(320, 26, '1', 5, 0, 0),
(322, 26, '1', 5, 0, 0),
(323, 26, '1', 5, 0, 0),
(324, 26, '1', 6, 0, 0),
(325, 26, '0', 0, 0, 0),
(326, 26, '1', 5.5, 0, 0),
(327, 26, '0', 0, 0, 0),
(328, 26, '1', 6, 0, 0),
(329, 26, '0', 0, 0, 0),
(330, 26, '1', 5.5, 0, 0),
(331, 26, '1', 5.5, 0, 0),
(332, 26, '0', 0, 0, 0),
(333, 26, '1', 6.5, 0, 0),
(334, 26, '1', 6, 0, 0),
(335, 26, '0', 0, 0, 0),
(336, 26, '1', 5.5, 0, 0),
(337, 26, '0', 0, 0, 0),
(338, 26, '1', 6, 0, 0),
(339, 26, '1', 6.5, 0, 0),
(341, 26, '0', 0, 0, 0),
(342, 26, '0', 0, 0, 0),
(343, 26, '0', 0, 0, 0),
(344, 26, '0', 0, 0, 0),
(345, 26, '1', 5, 0, 0),
(346, 26, '1', 6, 0, 0),
(347, 26, '0', 0, 0, 0),
(348, 26, '0', 0, 0, 0),
(349, 26, '1', 6, 0, 0),
(351, 26, '0', 0, 0, 0),
(352, 26, '1', 6, 0, 0),
(353, 26, '0', 0, 0, 0),
(355, 26, '0', 0, 0, 0),
(356, 26, '0', 0, 0, 0),
(358, 26, '1', 5.5, 0, 0),
(359, 26, '1', 6, 0, 0),
(360, 26, '0', 0, 0, 0),
(361, 26, '1', 5, 0, 0),
(363, 26, '1', 5.5, 0, 0),
(364, 26, '1', 5.5, 0, 0),
(365, 26, '1', 6, 0, 0),
(366, 26, '0', 0, 0, 0),
(367, 26, '1', 6, 0, 0),
(368, 26, '1', 6, 0, 0),
(370, 26, '1', 5.5, 0, 0),
(371, 26, '1', 7, 0, 0),
(372, 26, '1', 5, 0, 0),
(373, 26, '1', 5.5, 0, 0),
(374, 26, '1', 6, 0, 0),
(375, 26, '1', 6.5, 0, 0),
(376, 26, '0', 0, 0, 0),
(377, 26, '0', 0, 0, 0),
(378, 26, '0', 0, 0, 0),
(379, 26, '0', 0, 0, 0),
(381, 26, '0', 0, 0, 0),
(382, 26, '0', 0, 0, 0),
(383, 26, '1', 5.5, 0, 0),
(384, 26, '0', 0, 0, 0),
(385, 26, '1', 5.5, 0, 0),
(386, 26, '0', 0, 0, 0),
(388, 26, '1', 6.5, 0, 0),
(389, 26, '1', 5.5, 0, 0),
(391, 26, '1', 6, 0, 0),
(393, 26, '0', 0, 0, 0),
(394, 26, '0', 0, 0, 0),
(395, 26, '0', 0, 0, 0),
(396, 26, '1', 5.5, 0, 0),
(397, 26, '0', 0, 0, 0),
(398, 26, '0', 0, 0, 0),
(399, 26, '1', 6, 0, 0),
(400, 26, '0', 0, 0, 0),
(401, 26, '0', 0, 0, 0),
(402, 26, '1', 6, 0, 0),
(403, 26, '1', 6, 0, 0),
(404, 26, '0', 0, 0, 0),
(405, 26, '1', 6, 0, 0),
(406, 26, '0', 0, 0, 0),
(501, 26, '0', 0, 0, 0),
(502, 26, '1', 6.5, 0, 0),
(504, 26, '0', 0, 0, 0),
(505, 26, '1', 6.5, 0, 0),
(508, 26, '1', 7.5, 0, 1),
(509, 26, '1', 5.5, 0, 0),
(511, 26, '0', 0, 0, 0),
(512, 26, '1', 6, 0, 0),
(514, 26, '0', 0, 0, 0),
(515, 26, '0', 0, 0, 0),
(517, 26, '1', 6, 0, 0),
(518, 26, '1', 6, 0, 0),
(520, 26, '1', 6.5, 0, 0),
(521, 26, '1', 6, 0, 0),
(522, 26, '1', 6, 0, 0),
(523, 26, '1', 5.5, 0, 0),
(527, 26, '0', 0, 0, 0),
(528, 26, '1', 5.5, 0, 0),
(529, 26, '0', 0, 0, 0),
(530, 26, '1', 5.5, 0, 0),
(531, 26, '1', 7.5, 0, 1),
(533, 26, '1', 8.5, 1, 0),
(535, 26, '0', 0, 0, 0),
(536, 26, '0', 0, 0, 0),
(537, 26, '0', 0, 0, 0),
(538, 26, '0', 0, 0, 0),
(539, 26, '1', 6, 0, 0),
(540, 26, '1', 7.5, 0, 1),
(542, 26, '1', 4.5, 0, 0),
(543, 26, '1', 5, 0, 0),
(544, 26, '0', 0, 0, 0),
(545, 26, '1', 5.5, 0, 0),
(546, 26, '1', 6, 0, 0),
(547, 26, '1', 6.5, 0, 0),
(548, 26, '1', 6.5, 0, 0),
(549, 26, '0', 0, 0, 0),
(550, 26, '0', 0, 0, 0),
(551, 26, '0', 0, 0, 0),
(553, 26, '0', 0, 0, 0),
(554, 26, '0', 0, 0, 0),
(555, 26, '1', 6, 0, 0),
(556, 26, '0', 0, 0, 0),
(557, 26, '0', 0, 0, 0),
(558, 26, '1', 6, 0, 0),
(559, 26, '0', 0, 0, 0),
(561, 26, '1', 6, 0, 0),
(562, 26, '0', 0, 0, 0),
(564, 26, '1', 6.5, 0, 0),
(566, 26, '0', 0, 0, 0),
(567, 26, '1', 6, 0, 0),
(568, 26, '0', 0, 0, 0),
(570, 26, '0', 0, 0, 0),
(572, 26, '1', 6, 0, 0),
(573, 26, '1', 6.5, 0, 0),
(574, 26, '0', 0, 0, 0),
(575, 26, '1', 5, 0, 0),
(576, 26, '0', 0, 0, 0),
(577, 26, '1', 6.5, 0, 0),
(578, 26, '1', 9, 1, 0),
(579, 26, '0', 0, 0, 0),
(580, 26, '1', 6, 0, 0),
(581, 26, '0', 0, 0, 0),
(582, 26, '1', 6, 0, 0),
(583, 26, '1', 5.5, 0, 0),
(585, 26, '0', 0, 0, 0),
(586, 26, '0', 0, 0, 0),
(587, 26, '1', 6, 0, 0),
(588, 26, '1', 6, 0, 0),
(589, 26, '0', 0, 0, 0),
(590, 26, '1', 6.5, 0, 0),
(591, 26, '1', 6, 0, 0),
(592, 26, '1', 6.5, 0, 0),
(593, 26, '1', 7.5, 0, 1),
(594, 26, '0', 0, 0, 0),
(595, 26, '0', 0, 0, 0),
(596, 26, '1', 6.5, 0, 0),
(597, 26, '1', 9.5, 1, 0),
(598, 26, '0', 0, 0, 0),
(599, 26, '0', 0, 0, 0),
(600, 26, '1', 7.5, 0, 1),
(601, 26, '1', 6, 0, 0),
(602, 26, '1', 6.5, 0, 3),
(603, 26, '0', 0, 0, 0),
(604, 26, '1', 6, 0, 0),
(605, 26, '1', 6, 0, 0),
(607, 26, '0', 0, 0, 0),
(608, 26, '1', 6, 0, 0),
(609, 26, '1', 4.5, 0, 0),
(610, 26, '1', 6, 0, 0),
(612, 26, '0', 0, 0, 0),
(613, 26, '1', 5.5, 0, 0),
(614, 26, '1', 5, 0, 0),
(615, 26, '0', 0, 0, 0),
(616, 26, '1', 6, 0, 0),
(617, 26, '0', 0, 0, 0),
(618, 26, '0', 0, 0, 0),
(619, 26, '1', 7, 0, 0),
(620, 26, '1', 6, 0, 0),
(623, 26, '1', 7, 0, 1),
(624, 26, '0', 0, 0, 0),
(625, 26, '1', 9.5, 1, 0),
(626, 26, '1', 7.5, 0, 1),
(627, 26, '1', 4, 0, 0),
(628, 26, '1', 6, 0, 0),
(629, 26, '1', 6, 0, 0),
(630, 26, '0', 0, 0, 0),
(631, 26, '1', 6, 0, 0),
(632, 26, '0', 0, 0, 0),
(633, 26, '0', 0, 0, 0),
(634, 26, '0', 0, 0, 0),
(635, 26, '1', 7, 0, 0),
(636, 26, '0', 0, 0, 0),
(637, 26, '0', 0, 0, 0),
(638, 26, '1', 6, 0, 0),
(640, 26, '1', 7, 0, 1),
(641, 26, '0', 0, 0, 0),
(644, 26, '1', 5.5, 0, 0),
(645, 26, '0', 0, 0, 0),
(646, 26, '1', 6, 0, 0),
(647, 26, '1', 6, 0, 0),
(648, 26, '1', 5.5, 0, 0),
(649, 26, '1', 5.5, 0, 0),
(650, 26, '1', 5.5, 0, 0),
(651, 26, '1', 6, 0, 0),
(652, 26, '0', 0, 0, 0),
(653, 26, '0', 0, 0, 0),
(654, 26, '1', 6.5, 0, 0),
(655, 26, '0', 0, 0, 0),
(657, 26, '0', 0, 0, 0),
(660, 26, '1', 6, 0, 0),
(661, 26, '1', 6, 0, 0),
(662, 26, '0', 0, 0, 0),
(663, 26, '1', 4, 0, 0),
(664, 26, '1', 6, 0, 0),
(665, 26, '1', 6, 0, 0),
(666, 26, '1', 6, 0, 0),
(668, 26, '1', 9.5, 1, 0),
(669, 26, '1', 5.5, 0, 0),
(670, 26, '0', 0, 0, 0),
(671, 26, '0', 0, 0, 0),
(672, 26, '0', 0, 0, 0),
(673, 26, '0', 0, 0, 0),
(676, 26, '0', 0, 0, 0),
(677, 26, '1', 5.5, 0, 0),
(679, 26, '0', 0, 0, 0),
(680, 26, '1', 6, 0, 0),
(681, 26, '1', 6, 0, 0),
(682, 26, '1', 4.5, 0, 0),
(683, 26, '0', 0, 0, 0),
(684, 26, '1', 6, 0, 0),
(685, 26, '0', 0, 0, 0),
(686, 26, '1', 6, 0, 0),
(687, 26, '0', 0, 0, 0),
(688, 26, '1', 6, 0, 0),
(690, 26, '0', 0, 0, 0),
(691, 26, '1', 5, 0, 0),
(692, 26, '0', 0, 0, 0),
(695, 26, '0', 0, 0, 0),
(696, 26, '0', 0, 0, 0),
(697, 26, '0', 0, 0, 0),
(698, 26, '0', 0, 0, 0),
(700, 26, '0', 0, 0, 0),
(701, 26, '1', 6, 0, 0),
(702, 26, '0', 0, 0, 0),
(703, 26, '0', 0, 0, 0),
(704, 26, '1', 5.5, 0, 0),
(705, 26, '1', 6, 0, 0),
(708, 26, '0', 0, 0, 0),
(709, 26, '0', 0, 0, 0),
(710, 26, '0', 0, 0, 0),
(711, 26, '0', 0, 0, 0),
(713, 26, '0', 0, 0, 0),
(714, 26, '1', 5, 0, 0),
(715, 26, '0', 0, 0, 0),
(716, 26, '0', 0, 0, 0),
(718, 26, '1', 6, 0, 0),
(719, 26, '0', 0, 0, 0),
(720, 26, '0', 0, 0, 0),
(721, 26, '0', 0, 0, 0),
(723, 26, '1', 5.5, 0, 0),
(724, 26, '1', 6, 0, 0),
(725, 26, '0', 0, 0, 0),
(726, 26, '0', 0, 0, 0),
(727, 26, '1', 6, 0, 0),
(728, 26, '0', 0, 0, 0),
(729, 26, '1', 4, 0, 0),
(730, 26, '1', 6.5, 0, 0),
(732, 26, '0', 0, 0, 0),
(733, 26, '0', 0, 0, 0),
(801, 26, '1', 6, 0, 0),
(804, 26, '0', 0, 0, 0),
(805, 26, '1', 13, 2, 0),
(806, 26, '0', 0, 0, 0),
(807, 26, '0', 0, 0, 0),
(810, 26, '0', 0, 0, 0),
(811, 26, '0', 0, 0, 0),
(812, 26, '1', 5.5, 0, 0),
(813, 26, '1', 5, 0, 0),
(816, 26, '1', 5, 0, 0),
(817, 26, '0', 0, 0, 0),
(819, 26, '1', 6, 0, 0),
(820, 26, '1', 6, 0, 0),
(821, 26, '0', 0, 0, 0),
(823, 26, '0', 0, 0, 0),
(826, 26, '0', 0, 0, 0),
(827, 26, '1', 5.5, 0, 0),
(830, 26, '0', 0, 0, 0),
(831, 26, '1', 13.5, 2, 0),
(832, 26, '0', 0, 0, 0),
(833, 26, '1', 5.5, 0, 0),
(834, 26, '1', 5.5, 0, 0),
(835, 26, '1', 5, 0, 0),
(836, 26, '1', 9.5, 1, 0),
(838, 26, '0', 0, 0, 0),
(839, 26, '0', 0, 0, 0),
(840, 26, '1', 10.5, 1, 1),
(841, 26, '0', 0, 0, 0),
(842, 26, '1', 6, 0, 0),
(844, 26, '0', 0, 0, 0),
(848, 26, '0', 0, 0, 0),
(849, 26, '1', 6, 0, 0),
(852, 26, '0', 0, 0, 0),
(853, 26, '1', 13.5, 2, 0),
(854, 26, '1', 10, 1, 0),
(855, 26, '0', 0, 0, 0),
(856, 26, '0', 0, 0, 0),
(857, 26, '1', 6, 0, 0),
(858, 26, '0', 0, 0, 0),
(860, 26, '0', 0, 0, 0),
(861, 26, '1', 9.5, 1, 0),
(862, 26, '1', 6, 0, 0),
(863, 26, '0', 0, 0, 0),
(865, 26, '1', 13, 2, 0),
(866, 26, '0', 0, 0, 0),
(867, 26, '0', 0, 0, 0),
(868, 26, '1', 6, 0, 0),
(870, 26, '0', 0, 0, 0),
(873, 26, '0', 0, 0, 0),
(874, 26, '1', 9.5, 1, 0),
(875, 26, '1', 9, 1, 0),
(876, 26, '1', 6.5, 0, 0),
(877, 26, '0', 0, 0, 0),
(878, 26, '0', 0, 0, 0),
(881, 26, '0', 0, 0, 0),
(882, 26, '1', 11, 1, 0),
(883, 26, '0', 0, 0, 0),
(884, 26, '0', 0, 0, 0),
(885, 26, '0', 0, 0, 0),
(886, 26, '0', 0, 0, 0),
(888, 26, '1', 5.5, 0, 0),
(889, 26, '1', 5.5, 0, 0),
(890, 26, '0', 0, 0, 0),
(891, 26, '0', 0, 0, 0),
(892, 26, '0', 0, 0, 0),
(894, 26, '1', 5, 0, 0),
(895, 26, '0', 0, 0, 0),
(896, 26, '1', 5.5, 0, 0),
(897, 26, '1', 9.5, 1, 0),
(898, 26, '0', 0, 0, 0),
(899, 26, '1', 4.5, 0, 0),
(900, 26, '1', 6, 1, 0),
(902, 26, '0', 0, 0, 0),
(903, 26, '1', 5.5, 0, 0),
(904, 26, '0', 0, 0, 0),
(905, 26, '1', 6, 0, 0),
(906, 26, '0', 0, 0, 0),
(907, 26, '1', 5.5, 0, 0),
(908, 26, '0', 0, 0, 0),
(909, 26, '0', 0, 0, 0),
(910, 26, '1', 9, 1, 0),
(911, 26, '0', 0, 0, 0),
(912, 26, '0', 0, 0, 0),
(913, 26, '0', 0, 0, 0),
(914, 26, '0', 0, 0, 0),
(915, 26, '0', 0, 0, 0),
(916, 26, '1', 9, 1, 0),
(917, 26, '0', 0, 0, 0),
(920, 26, '1', 9.5, 1, 0),
(922, 26, '0', 0, 0, 0),
(923, 26, '1', 7.5, 1, 1),
(925, 26, '0', 0, 0, 0),
(926, 26, '1', 5, 0, 0),
(927, 26, '0', 0, 0, 0),
(928, 26, '0', 0, 0, 0),
(929, 26, '1', 6, 0, 0),
(930, 26, '0', 0, 0, 0),
(931, 26, '1', 11, 1, 1),
(932, 26, '0', 0, 0, 0),
(933, 26, '0', 0, 0, 0),
(934, 26, '0', 0, 0, 0),
(935, 26, '0', 0, 0, 0),
(936, 26, '1', 5, 0, 0),
(937, 26, '1', 7, 0, 1),
(938, 26, '1', 5, 0, 0),
(939, 26, '0', 0, 0, 0),
(940, 26, '0', 0, 0, 0),
(941, 26, '0', 0, 0, 0),
(942, 26, '1', 9.5, 1, 0),
(943, 26, '0', 0, 0, 0),
(999, 26, '0', 0, 0, 0);

--
-- Limiti per le tabelle scaricate
--

--
-- Limiti per la tabella `schieramento`
--
ALTER TABLE `schieramento`
  ADD CONSTRAINT `schieramento_ibfk_1` FOREIGN KEY (`IdFormazione`) REFERENCES `formazioni` (`IdFormazione`) ON DELETE CASCADE;
